Title,Date,Article
이대 총동창회·위안부 단체도 ‘성상납 발언’ 김준혁 사퇴 요구,2024/04/03 16:19,"제22대 국회의원선거 수원정에 출마한 김준혁 더불어민주당 후보가 2일 경기도 수원시 매탄동에서 시민들에게 인사하며 지지를 호소하고 있다. 2024.04.02. 뉴시스더불어민주당 경기 수원정에 출마한 김준혁 후보가 과거 ‘김활란 이화여대 초대 총장이 학생에게 성 상납을 시켰다’고 발언해 논란이 이는 것과 관련, 2일 이화여대 측이 김 후보의 사과와 사퇴를 촉구한 데 이어 3일 이화여대 총동창회가 “김 후보의 사퇴를 위해 모든 노력을 기울일 것”이라고 밝혔다.이대 총동창회는 이날 공식 입장문을 통해 “김 후보의 발언은 이화의 역사를 폄하했을 뿐 아니라 재학생과 동창생 모두에게 극심한 모욕감을 안겨 줬으며, 동시에 이 나라 여성 전체에 대한 성차별적 혐오를 담고 있다”며 이같이 말했다.이어 “이는 김 후보가 성평등을 지향하는 대한민국의 정치인으로서 자질이 없음을 입증하는 명백한 증거”라면서 “젠더를 아우르지 못하고 검증되지 않은 자료로 국민 분열을 조장하는 김 후보는 대한민국의 정치 문화를 오염시키며 퇴행시키고 있다”고 비판했다. 그러면서 “김 후보의 진정성 있는 사과를 강력히 요구한다”고 했다.김 후보는 2022년 8월 14일 유튜브 채널 ‘김용민TV’에서 “(김 총장이) 미군정 시기에 이화여대 학생들을 미군 장교에게 성 상납시켰다”고 주장했다. 이에 이화여대는 2일 입장을 내고 “김 후보의 명예훼손 발언에 깊은 유감을 표한다. 지금이라도 사과하고 후보직에서 물러날 것을 요구한다”고 밝히면서 법적 대응을 시사했다.김 후보는 2일 오전 페이스북에서 “(국민의힘이) 발언의 앞뒤를 다 자르고 성(性)과 관련된 자극적인 부분만 편집해 매도하고 있다”고 주장했다. 그러나 민주당 선거대책위원회가 사과를 권고하자 같은 날 오후 페이스북에 “정제되지 못한 표현으로 이대 재학생, 교직원, 동문의 자긍심에 상처를 입힌 점에 깊은 사과를 드린다”고 올렸다.한편 위안부가족협의회와 일본군대위안부희생자자료관, 태평양전쟁희생자유족회 등 위안부 단체들은 3일 오후 김 후보를 사자명예훼손 혐의로 경찰에 고발했다. 이들은 기자회견에서 김 후보를 향해 “피해 할머님들의 명예와 인권을 생각하는 최소한의 양심이 있다면 사죄하고 사퇴하라”고 목소리를 높였다.그러나 민주당은 김 후보를 향한 이 같은 사퇴 요구 목소리에 선을 긋는 모양새다. 민주당 김민석 선거대책위원회 종합상황실장은 이날 브리핑 후 질의응답에서 관련 논란에 대해 “김 후보가 진지하게 사과한 것을 확인했다”며 “이후에 본인이 사과 의사를 전달하기 위한 여러 가지 과정이 있을 것으로 알고 있다. 앞으로 어떻게 할지 지켜보는 게 좋을 것 같다”고 밝혔다.김소영 동아닷컴 기자 sykim41@donga.com"
김병욱 51.7% 김은혜 48.3%…이광재 52.8% 안철수 47.2% [방송3사 출구조사],2024/04/10 20:36,"이재명 더불어민주당 대표, 이해찬·김부겸 상임공동선거대책위원장 등 당 지도부가 10일 오후 서울 여의도 국회 의원회관에 마련된 제22대 국회의원선거(총선) 민주당 개표 상황실에서 방송사 출구조사 결과를 지켜보며 환호하고 있다. (공동취재) 2024.4.10/뉴스1제22대 국회의원선거 지상파 3사(KBS·MBC·SBS) 출구조사 발표 결과 주요 지역구에서 야당인 더불어민주당이 우세한 것으로 나타났다.양당 간판스타 맞대결로 관심을 끈 인천 계양을 지역에서는 민주당 이재명 후보가 56.1%, 국민의힘 원희룡 후보가 43.8% 득표할 것으로 예측됐다.서울의 관심 지역에서도 대부분 민주당 후보들이 앞서는 예측 결과가 나왔다.‘정치 1번지’ 종로에서는 민주당 곽상언 후보가 56.1%, 국민의힘 최재형 후보가 39.6%를 득표할 것으로 예상됐다. ‘한강 벨트’중 한 곳인 동작을은 민주당 류삼영 후보가 52.3%, 국민의힘 나경원 후보가 47.7%로 조사됐다. 중성동갑은 민주당 전현희 후보가 55.6%, 국민의힘 윤희숙 후보는 44.5% 득표할 것으로 예측됐다.마포갑은 민주당 이지은 후보가 52.9%, 국민의힘 조정훈 후보가 43.5% 얻을 것으로 예상됐고, 마포을은 민주당 정청래 후보가 50.6%, 국민의힘 함운경 후보가 41.6%로 조사됐다. 광진을에서는 민주당 고민정 후보가 51.6%, 국민의힘 오신환 후보가 48.1%로 예측됐다.용산의 경우 민주당 강태웅 후보가 50.3%, 국민의힘 권영세 후보가 49.3%를 득표할 것으로 예측돼 접전이 예상된다.경기도에서 격전지로 꼽히던 성남분당 지역 역시 민주당 후보들이 출구조사에서 앞섰다. 성남분당갑은 민주당 이광재 후보가 52.8%, 국민의힘 안철수 후보가 47.2%로 조사됐다. 성남분당을은 민주당 김병욱 후보가 51.7%, 국민의힘 김은혜 후보가 48.3%를 얻을 것으로 예측됐다.부산 북갑은 민주당 전재수 후보가 54.2%, 국민의힘 서병수 후보가 44.7%를 득표할 것으로 조사됐다.경남 양산을은 민주당 김두관 후보가 50.6%, 국민의힘 김태호 후보가 49.4%를 얻을 것으로 조사돼 경합지로 꼽혔다.이혜원 동아닷컴 기자 hyewon@donga.com"
"‘편법대출 뭇매’ 양문석, 토론회서 재차 사과…장성민 “소상공인 예산 75%에 해당”",2024/04/03 15:51,"제22대 국회의원 선거 경기 안산갑에 출마한 양문석 더불어민주당 후보(왼쪽부터)와 장성민 국민의힘 후보가 3일 오전 경기 안산시 단원구 SK브로드밴드 한빛방송에서 열린 제22대 국회의원 선거 방송토론회에 앞서 기념촬영을 하고 있다. 2024.4.3/뉴스1제 22대 국회의원선거 경기 안산갑 후보자토론회가 3일 진행된 가운데 ‘편법대출’로 뭇매를 맞고있는 양문석 더불어민주당 후보가 다시 한 번 사과의 뜻을 밝혔다.이날 오전 10시 안산시 상록구 SK브로드밴드한빛방송 스튜디오에서 안산상록구선거방송토론위원회가 주최한 양민석 민주당 후보와 장성민 국민의힘 후보 간의 안산갑 후보자토론회가 열렸다.이날 토론회에서 양 후보의 딸을 앞세운 11억원 ‘편법대출’ 논란을 놓고 치열한 공방이 오갔다.소상공인 지원대책과 관련된 공약발표 시간에 장 후보는 “안산 상록구와 단원구에 15억원에서 20억원 정도 소상공인 예산이 편성되는데 양 후보의 딸 명의 사업자 대출 11억원과 비교하면 상록구 소상공인 지원예산의 최대 73% 해당한다”며 “소상공인에게 나가야 할 지원예산이 주택담보대출로 활용되지 않았으면 더 많은 시민이 혜택을 봤을 것”이라고 비판했다.이에 양 후보는 “이자절감을 위한 편법대출에 대해 국민 여러분, 안산시민께 진심으로 사과한다”며 “두고두고 좋은 정치로 갚아 나가도록 하겠다”고 답했다.장 후보는 이어 “딸 명의의 사업자 편법대출은 업무방해죄, 사기죄, 사문서위조죄, 허위사실 공표죄에 해당한다”며 “어떻게 소상공인 지원대책을 얘기할 수 있겠는가”라고 꼬집었다.관련해 양 후보는 “다시 한 번 장 후보가 지적한 편법대출에 대한 부분은 아프게 받아들이겠다”고 전했다.이밖에 토론회에서 인구감소 원인 및 인구유입 방안 마련, 국민연금 고갈 방지대책, 출입국·이민관리청(이민청) 유치 공약 등에 대한 각각의 의견을 나누는 자리도 마련했다.전 방송통신위 상임위원 출신인 양 후보는 상급병원 유치 설립 및 의료서비스 향상, 노후주거환경 개선, 경기도 지방정원 조성, 전철 4호선 지하화 등을 공약으로 내세웠다.전 대통령실 미래전략기획관으로 지낸 장 후보의 공약은 노인 양질의 일자리 창출, 여성 안전지대 확대, 신혼부부 주거지원 확대, 아이돌봄 지원대책 및 방과후 교실 마련 등이다.안산시갑 토론회는 중앙선거방송토론위원회를 통해 다시 볼 수 있으며 이날 오후 8시 한빛방송을 통해 방영된다.(안산=뉴스1)"
‘검사 하루만에’ 양문석 대출 불법 결론…野 “뻔뻔한 관권선거”,2024/04/05 14:03,"제22대 국회의원 선거 경기 안산갑에 출마한 양문석 더불어민주당 후보가 3일 오전 경기 안산시 단원구 SK브로드밴드 한빛방송에서 열린 제22대 국회의원선거 방송토론회에 참석해 토론회를 준비하고 있다. 2024.4.3. 뉴스1양문석 더불어민주당 경기 안산갑 후보의 편법대출 논란과 관련해 현장검사를 진행한 새마을금고중앙회와 금융감독원이 ‘위법·부당 대출’이 맞다고 판단했다. 두 기관이 공동검사를 벌인지 이틀 만에 ‘속전속결’로 잠정 결론을 발표한 것을 두고 총선을 코앞에 둔 상황을 지나치게 의식한 결정 아니냐는 지적도 나온다.5일 정치권에 따르면 양 후보의 ‘편법대출’ 의혹을 들여다본 새마을금고중앙회와 금융감독원이 전날 양 후보 의혹에 대해 “위법·부당 대출이 맞다”고 판단한 데 대해 논란이 일고 있다. 특히 민주당은 조사를 실시한 지 이틀 만에 잠정 결론을 낸 것을 두고 ‘총선 부당 개입’이라며 반발하고 있다.이해찬 민주당 상임 공동선대위원장은 이날 서울 여의도 민주당사에서 열린 국민참여선거대책위원회 회의에서 금감원의 중간검사 결과 발표에 대해 “뻔뻔한 관권선거”라고 비판했다.이 위원장은 “금융감독원이 자기 관할도 아닌 개별 새마을금고의 검사를 이렇게 빨리, 신속하게 한 사례가 언제 있었나”라며 “검사 하루만에 내용도 없는 결과를 발표하는 게 말이 되느냐”고 반문했다.이어 “노태우 정권 때부터 36년간 선거를 지켜봤지만 이렇게 노골적이고 뻔뻔하게 관권선거를 한 정부가 없었다”고 맹비난했다.앞서 양 후보는 서초구 잠원동 아파트 매입 과정에서 20대 대학생 장녀가 대구수성새마을금고를 통해 11억 원의 고액 사업자 주담대를 받은 사실이 드러나 논란이 됐다.해당 의혹이 불거지자 새마을금고중앙회와 금융감독원이 나서 조사를 실시했는데, 두 기관은 양 후보의 대출이 과거 저축은행 작업대출 사례와 마찬가지로 정부의 가계부채 관리와 부동산 시장 안정화 대책을 우회하기 위해 이뤄졌다고 잠정 결론 내렸다.새마을금고중앙회는 지난 3일 대출금 회수를 결정한 데 이어 해당 금고 임직원과 차주(양 후보 딸), 대출모집인 등 관련자들을 제재 절차에 넘기고 사문서 위조 등 혐의에 대해 수사기관에 통보하기로 했다.지난 1일 새마을금고중앙회가 현장검사에 착수한 지 나흘, 금감원이 합류한 지 이틀 만에 나온 결론이다. ‘속전속결’, ‘부당개입’ 의혹이 불거지는 지점이기도 하다.실제 양 후보 측 대출이 부적절하고 부실하게 실행됐다는 점이 확인된 것과 별개로 이번 발표가 총선 사전투표일(5일)을 하루 앞두고 나왔다는 점에서 금감원의 지나친 정치 개입을 경계하는 목소리도 커지고 있다.행정안전부 소관인 새마을금고에 대해 금감원은 단독 검사 권한이 없고 행안부 요청이 있을 경우 검사 인력을 지원할 수 있다.그런데 이번 검사는 금고에서 먼저 지원을 요청한 것이 아니라 금감원이 “사안의 시급성이 크다”며 공동검사를 먼저 제안하자 행안부가 지원 요청을 하는 모양새로 진행됐다는 점에서 ‘월권 검사’ 논란이 일었다.특히 금감원이 현장 검사에 투입된 첫날인 지난 3일 이복현 금융감독원장이 “주택 구입 목적으로 사업자 대출을 받았다면 편법이 아니라 명백한 불법”이라고 사실상 혐의 판단을 내린 발언을 하며 도마 위에 오르기도 했다.금감원이 야당 후보 검증 이슈에 과도하게 나서는 것 아니냐는 비판에 대해 이복현 원장은 “금융위나 행안부, 대통령실 등 누구와도 상의하지 않고 혼자 판단했다”며 “제가 책임져야 하니까 판단해서 의견을 드린 것이고 (검사를) 진행하는 것”이라고 설명했다.(서울=뉴스1)"
서울 마포을 정청래 50.6% vs 함운경 41.6% [방송3사 출구조사],2024/04/10 19:38,"제22대 국회의원선거 방송3사 출구조사 발표 결과 서울 마포을 지역에서 더불어민주당 정청래 후보가 국민의힘 함운경 후보보다 앞선 것으로 나타났다.10일 지상파 3사(KBS·MBC·SBS)는 출구조사 결과를 통해 정 후보가 50.6%, 함 후보가 41.6%를 득표할 것이라고 예측 발표했다.이혜원 동아닷컴 기자 hyewon@donga.com"
서울 광진을 고민정 51.6% vs 오신환 48.1% [방송3사 출구조사],2024/04/10 19:11,"제22대 국회의원선거 방송3사 출구조사 발표 결과 서울 광진을 지역에서 더불어민주당 고민정 후보가 국민의힘 오신환 후보보다 앞선 것으로 나타났다.10일 지상파 3사(KBS·MBC·SBS)는 출구조사 결과를 통해 고 후보가 51.6 %, 오 후보가 48.1%를 득표할 것이라고 예측 발표했다.이혜원 동아닷컴 기자 hyewon@donga.com"
경기 분당갑 이광재 52.8% vs 안철수 47.2% [방송3사 출구조사],2024/04/10 19:00,"제22대 국회의원 선거 경기 성남 분당갑에 출마한 이광재 더불어민주당 후보(왼쪽부터)와 안철수 국민의힘 후보가 공식 선거운동이 시작된 28일 오전 경기 성남시 분당구 일대에서 출근길 시민들에게 인사를 하고 있다. 2024.3.28/뉴스1제22대 국회의원선거 방송3사 출구조사 발표 결과 경기 성남시 분당갑 지역에서 더불어민주당 이광재 후보가 국민의힘 안철수 후보보다 앞선 것으로 나타났다.10일 지상파 3사(KBS·MBC·SBS)는 출구조사 결과를 통해 이 후보가 52.8%, 안 후보가 47.2%를 득표할 것이라고 예측 발표했다.이혜원 동아닷컴 기자 hyewon@donga.com"
인천 계양을 이재명 56.1% vs 원희룡 43.8% [방송3사 출구조사],2024/04/10 19:00,"인천 계양을 후보인 더불어민주당 이재명(왼쪽)와 국민의힘 원희룡 후보가 4월1일 오후 경기 부천시 OBS 경인TV에서 진행된 제22대 국회의원선거 인천 계양을 후보자 토론회에 앞서 기념촬영을 하고 있다. 2024.4.1/뉴스1제22대 국회의원선거 방송3사 출구조사 발표 결과 인천 계양을 지역에서 더불어민주당 이재명 후보가 국민의힘 원희룡 후보보다 앞선 것으로 나타났다.10일 지상파 3사(KBS·MBC·SBS)는 출구조사 결과를 통해 이 후보가 56.1%, 원 후보가 43.8%를 득표할 것이라고 예측 발표했다.이혜원 동아닷컴 기자 hyewon@donga.com"
총선 최고 핫플 ‘명룡대전’…TV토론 다시보기 조회수 90만 ‘훌쩍’,2024/04/08 17:12,"인천 계양을 후보인 더불어민주당 이재명, 국민의힘 원희룡 후보가 1일 오후 경기 부천시 OBS 경인TV에서 진행된 제22대 국회의원선거 인천 계양을 후보자 토론회에 앞서 포즈를 취하고 있다. 2024.4.1. 국회사진취재단22대 총선에서 ‘명룡 대전’을 펼치는 이재명 더불어민주당 후보와 원희룡 국민의힘 후보가 첫 TV 토론회에서 날 선 공방을 벌였다. 지역 현안이 주 논의 대상이었지만 여야의 대선급 주자가 맞붙은 만큼 주목도도 ‘미니 대선급’이라는 평가다.1일 선거방송토론위원회가 주관하고 2일 OBS가 중계한 이번 TV 토론회엔 OBS 공식 채널에서만 5만 명이 동시 시청하는 등 큰 관심을 끌었다. 양 후보의 토론 전체 다시 보기 콘텐츠는 올라온 지 10여시간 만에 조회수 90만을 넘기기도 하는 등 높은 관심을 받고 있다. 원 후보의 유튜브 채널 ‘원희룡 TV’에도 2만명이 넘게 동시 접속, 3일 오후 2시 기준 조회수가 40만회에 육박하는 등 인기다.토론회 내용도 화제가 되고 있다. 이날 양 후보는 재건축 재개발, 저출생 대책 등 공약을 두고 서로 신경전을 벌였다. 생방송을 지켜보던 시민들은 주요 채팅창에서 후보들 발언이 이어질 때마다 ‘계양 테크노밸리 이재명’, ‘원희룡 당선 확정’ 등 응원 후보에 대한 반응을 남겼다. 말싸움이 격해진 일부 콘텐츠들은 10초 안팎으로 편집돼 여러 인터넷 커뮤니티에 공유되기도 했다.이날 이 후보와 양 후보는 지역 현안에 대해 날선 공방을 이어가는 모습이었다. 원 후보는 이날 자신의 공약 발표 차례에서 자신과 이 후보의 자형 선거공보물 길이를 대비시킨 손팻말을 들고 오거나 이 후보가 발언할 때 ‘계약테크노벨리 귤현탄약고 지하철 연결 도대체 뭘 했습니까?’ 등 팻말을 들고 오는 식으로 적극적 공세를 펼쳤다.현역 의원인 이 후보 역시 공약 등과 관련해 적극적으로 문제를 제기했다. 이 후보가 원 후보의 1000억 국비 지원 공약과 관련, 재원 마련 가능성에 문제를 제기하자 원 후보는 “주차장 등 특별 회계를 갖고 오고 지방 매칭으로는 300억까지 하겠다”고 답했다. 이에 대해 이 후보는 “대통령도 그렇게는 못 한다”고 맞받아치기도 했다.원 후보가 “지금 계양을에서 재개발 재건축을 추진하는 지구나 아파트 이름을 하나만 말해보라”고 하자 이 후보는 “이름은 못 외웠지만 해당 지역은 방문해 봤다”, “기억이 안 난다는데 왜 자꾸 물어보느냐, 본인은 외워놓으셨던 모양”이라며 불편한 심기를 드러내기도 했다.각 당이 주요 공약으로 내건 저출생 극복 방안에 대해서도 설전이 벌어졌다. 이 후보는 원 후보의 공약에 대해 “본인도 대선 후보 때는 토론회에서 월 100만원씩 지원하겠다 약속했지만 돈이 출생 문제를 해결할 수 없다고 지금 여러 차례 말씀하신다. 좀 모순되는 것 아니냐”고 지적했다. 이에 대해 원 후보는 “단편적으로 몇억씩 주는 것보다는 주거나 양육, 자녀들의 사회 진출까지 종합적으로 마련하겠다는 것”이라고 부연했다.두 사람은 출마 지역구인 인천 계양을에서 오차범위 내 경합을 이어가는 중이다. 3일 경기일보가 미디어리서치에 의뢰해 3월 31일부터 4월 1일까지 인천 계양을 만 18세 이상 유권자 500명을 대상을 상대로 유무선 ARS 전화 방식으로 진행한 여론조사(오차범위 ±4.4%P)에 따르면 이 후보는 47.7%, 원 후보는 44.3%의 지지율을 기록했다. 자세한 사항은 중앙선거여론조사심의위원회 홈페이지를 참조하면 된다.(서울=뉴스1)"
"민주 178~197석 압도적 과반, 국힘 85~105석 예상[방송3사 출구조사]",2024/04/10 19:20,"지상파 3사 출구조사…조국당 12~14석4·10 총선에서 야당인 더불어민주당이 비례대표 위성정당인 더불어민주연합과 함께 과반 의석을 차지할 것으로 예측됐다고 지상파 3사가 출구조사 결과를 분석해 10일 전했다. 국민의힘과 비례정당인 국민의미래는 최대 100석 안팎의 의석을 확보하는 데 그친다는 분석 결과가 나와 개헌 저지선 확보마저 불확실한 것으로 전망됐다. 조국혁신당은 12~14석을 얻을 것으로 예상됐다.KBS는 이날 오후 6시까지 진행된 총선 투표 마감 직후 출구 조사를 토대로 민주당·민주연합이 178~196석, 국민의힘·국민의미래가 87~105석, 조국혁신당이 12~14석을 각각 얻을 것으로 예상했다. MBC는 민주당·민주연합이 184~197석, 국민의힘·국민의미래가 85~99석, 조국혁신당이 12~14석을 확보할 것으로 분석했고, SBS는 민주당·민주연합이 184~196석, 국민의힘·국민의미래가 87~99석, 조국혁신당이 13석을 차지할 것으로 예측했다. 지상파 조사와 별개로 JTBC는 민주당·민주연합 168~193석, 국민의힘·국민의미래 87~111석을 전망했다.이재명 더불어민주당 대표, 이해찬·김부겸 상임공동선거대책위원장 등 당 지도부가 10일 오후 서울 여의도 국회 의원회관에 마련된 제22대 국회의원선거(총선) 민주당 개표 상황실에서 방송사 출구조사 결과를 지켜보며 환호하고 있다. 2024.4.10 사진공동취재단한동훈 국민의힘 비상대책위원장을 비롯한 당직자들이 10일 국회 도서관에 마련된 국회의원선거 개표상황실에서 출구조사 결과를 보고 있다. 2024.4.10 사진공동취재단현재 정당별 의석수는 재적의원 297명 중 민주당 142석, 국민의힘 101석, 녹색정의당 6석, 새로운미래 5석, 개혁신당 4석, 진보당 1석, 조국혁신당 1석, 민주연합 14석, 국민의미래 13석, 자유통일당 1석, 무소속 9석 등이다.재적 의원 과반인 151석을 달성하면 예산안을 비롯한 각종 법안이나 임명동의안을 통과시킬 수 있다. 출구조사 결과대로 야권이 151석을 달성하면 윤석열 대통령은 야당 동의 없이 예산안을 통과시킬 수 없고, 국무총리 등도 임명할 수 없게 된다. 이를 넘어 180석을 차지하면 막강한 입법 권력을 행사할 수 있다. 다수당의 법안 일방 처리를 막기 위해 만든 국회선진화법 중 하나인 패스트트랙(신속처리안건)으로 법안을 올려 단독 처리가 가능하다.재적 의원 3분의2에 해당하는 200석은 입법 권력을 장악하는 선이다. 대통령 재의요구권(거부권)을 무력화하고 헌법 개정안을 국회에서 의결할 수 있으며 국회의원 제명도 가능하다. 재적 의원 과반수 발의에 재적 의원 3분의2 이상의 찬성이 필요한 대통령 탄핵 소추를 처리하는 것도 가능하다. 앞서 국민의힘은 선거 막판 개헌·탄핵 저지선만은 지켜달라며 지지층 결집을 호소해왔다.조혜선 동아닷컴 기자 hs87cho@donga.com"
오후 1시 사전투표율 8%…21대 총선 대비 2.02%p↑,2024/04/05 13:42,"제22대 국회의원선거 사전투표 첫날인 5일 오후 제주도의회 의원회관에 마련된 연동사전투표소 인근이 점심시간을 이용해 소중한 한표를 행사하려는 시민들로 북적이고 있다. 2024.4.5. 뉴스1제22대 국회의원선거(총선) 사전투표 첫날인 5일 정오 현재 전국 평균 투표율이 8.00%로 집계됐다.중앙선거관리위원회에 따르면 이날 오전 6시부터 진행된 사전투표에서 전체 유권자 4428만11명 가운데 354만1778명이 투표를 마쳤다.오후 1시 기준 사전투표율은 2020년 21대 총선의 사전투표 첫날 동시간대 투표율(5.98%)과 견줘 2.02%포인트 높다. 사전투표가 적용된 총선 기준으로는 동시간대 최고치다. 다만 역대 전국단위 선거 중 사전투표율이 가장 높았던 2022년 20대 대선의 같은 시간대 투표율(8.75%)보다는 0.75%포인트 낮다.현재까지 투표율이 가장 높은 지역은 전남(12.89%)으로, 전북(11.25%), 광주(10.10%), 강원(9.39%) 등이 뒤를 이었다. 가장 낮은 곳은 6.17%를 기록한 대구다. 이어 울산(7.32%), 대전(7.44%), 부산(7.51%), 경남(7.84%), 제주(7.97%) 등 순이다. 경북(8.65%)과 세종(8.39%), 충북·충남(8.31%)은 전국 평균 투표율을 웃돌았다. 서울 7.93%, 인천 7.36%, 경기 7.11% 등 수도권은 비교적 낮은 투표율을 기록하고 있다.사전투표는 이날부터 6일까지 이틀간 이뤄진다. 투표시간은 오전 6시부터 오후 6시까지며, 유권자는 주민등록소재지와 관계없이 신분증만 지참하면 전국 3565개 사전투표소 어디서나 투표할 수 있다. 투표소 위치는 선관위 홈페이지(www.nec.go.kr)나 대표전화(☎1390)로 확인할 수 있다.김소영 동아닷컴 기자 sykim41@donga.com"
이재명 56.0% 원희룡 43.8%…류삼영 50.7% 나경원 49.3% [채널A 예측조사],2024/04/10 19:20,"인천 계양을 후보인 더불어민주당 이재명(왼쪽)와 국민의힘 원희룡 후보가 4월1일 오후 경기 부천시 OBS 경인TV에서 진행된 제22대 국회의원선거 인천 계양을 후보자 토론회에 앞서 기념촬영을 하고 있다. 2024.4.1/뉴스1채널A가 제22대 국회의원 총선거 예측조사를 진행한 결과 이른바 ‘1당 바로미터’ 지역인 인천 계양을에서 더불어민주당 이재명 후보가 56.0%, 국민의힘 원희룡 후보가 43.8%를 득표할 것으로 나타났다. 서울 용산은 민주당 강태웅 후보가 51.2%, 국민의힘 권영세 후보가 48.8%를 득표할 것으로 예상됐다. 서울 동작을은 민주당 류삼영 후보가 50.7%, 국민의힘 나경원 후보가 49.3%를 얻을 것으로 조사됐다.채널A는 10일 오후 6시 격전지 10곳의 예측조사 결과를 발표했다. 서울 중성동갑은 민주당 전현희 후보가 60.7%, 국민의힘 윤희숙 후보가 39.3%를 득표할 것으로 조사됐다. 서울 마포갑은 민주당 이지은 후보가 49.7%, 국민의힘 조정훈 후보가 48.2%를 얻을 것으로 예상됐다.부산 북갑은 민주당 전재수 후보가 50.1%, 국민의힘 서병수 후보가 48.8%를 득표할 것으로 조사됐다. 경기 수원병은 민주당 김영진 후보가 60.0%, 국민의힘 방문규 후보가 40.0%의 득표율을 기록할 것으로 예상됐다. 경기 성남 분당을은 민주당 김병욱 후보가 53.7%, 국민의힘 김은혜 후보가 46.3%를 얻을 것으로 예측됐다. 충남 천안갑은 민주당 문진석 후보가 51.2%, 국민의힘 신범철 후보가 46.2%의 득표율을 기록할 것으로 예상됐다. 경남 양산을은 민주당 김두관 후보가 51.1%, 국민의힘 김태호 후보가 48.9%를 얻을 것으로 조사됐다.채널A가 발표한 지역구 10곳은 ‘1당 바로미터’ 지역이다. 채널A는 각 지역별 휴대전화 가상번호를 이용한 전화 면접 방식을 바탕으로 예측조사를 진행했다. 사전투표 이후 네 차례 조사 등을 거쳐 정확도를 높였다. 채널A는 2022년 대선 당시 당선인 예측 시스템 알파A를 활용해 당선 결과를 정확히 맞힌 바 있다.정봉오 동아닷컴 기자 bong087@donga.com"
"尹대통령, 총선 사전 투표 첫날 부산서 한 표 행사",2024/04/05 13:30,"윤석열 대통령이 5일 부산 명지1동 행정복지센터에서 제22대 국회의원선거 사전투표를 하고 있다. 뉴시스윤석열 대통령이 4·10 총선 사전투표 첫날인 5일 부산에서 사전투표를 했다.지역 일정을 위해 부산을 방문 중인 윤 대통령은 이날 오전 11시 5분경 부산 강서구 명지1동 행정복지센터에 마련된 사전투표소를 찾아 한 표를 행사했다.감색 양복 차림에 붉은색 넥타이를 맨 윤 대통령은 행정복지센터 3층 강당에 입장한 뒤 관계자로부터 관외 사전투표 방법에 관한 설명을 듣고 본인 확인 절차 등을 거쳤다. 이후 기표소로 이동해 투표한 뒤 투표지를 접어 회송용 봉투에 밀봉하고 투표함에 넣었다.윤 대통령은 투표를 마치고 나오며 투표소 관계자들에게 “수고 많으십니다”라고 격려했다. 투표소 주변에 있던 시민들은 윤 대통령에게 박수를 보내기도 했다고 김수경 대변인이 전했다.성태윤 정책실장과 이도운 홍보수석, 박춘섭 경제수석, 장상윤 사회수석 등 윤 대통령의 지역 일정을 수행 중인 대통령실 참모진은 투표소 입구 근처에서 대기한 것으로 전해졌다.윤 대통령은 전날 “투표는 주권자의 권리행사일 뿐 아니라 책무이기도 하다”며 “한 분도 빠짐없이 주권을 행사해 주시길 바란다”고 투표 독려 메시지를 냈다.윤 대통령은 사전투표 이후 부산에서 열리는 부산항 신항 7부두 개장식과 식목일 기념행사에 참석한다.이혜원 동아닷컴 기자 hyewon@donga.com"
첫날 사전투표율 오전 11시 5.09%…지난 총선 대비 1.37%p↑,2024/04/05 11:31,"제22대 국회의원선거(총선) 사전투표 첫날인 5일 서울 영등포구 여의동주민센터에 마련된 제22대 국회의원선거 사전투표소에서 어머니가 딸과 함께 투표를 하고 있다. 2024.4.5. 뉴스1제22대 국회의원선거(총선) 사전투표 첫날인 5일 오전 11시 기준 전국 평균 투표율이 5.09%로 나타났다.중앙선거관리위원회에 따르면 이날 오전 6시부터 진행된 사전투표에서 전체 유권자 4428만11명 가운데 225만5688명이 투표를 마쳤다.오전 11시 현재 투표율은 2020년 21대 총선의 사전투표 첫날 동시간대 투표율(3.72%)과 견줘 1.37%포인트 높은 수치다. 다만 역대 가장 사전투표율이 높았던 2022년 20대 대선 사전투표 같은 시간대 투표율(5.38%)보다는 0.29%포인트 낮다.현재까지 투표율이 가장 높은 지역은 전남(8.65%)이고, 전북(7.34%), 광주(6.36%), 강원(5.99%) 등이 뒤를 이었다. 가장 낮은 곳은 3.86%를 기록한 대구다. 이어 부산(4.64%), 울산(4.65%), 대전(4.71%), 경남(5.01%) 등 순이었다. 수도권 투표율은 서울 4.99%, 인천 4.62%, 경기 4.49%를 기록했다. 경북(5.66%)과 충남(5.48%), 충북(5.40%), 세종(5.12%)은 전국 투표율을 웃돌았다.사전투표는 이날부터 6일까지 이틀간 이뤄진다. 투표시간은 오전 6시부터 오후 6시까지며, 유권자는 주민등록소재지와 관계없이 신분증만 지참하면 전국 3565개 사전투표소 어디서나 투표할 수 있다. 투표소 위치는 선관위 홈페이지(www.nec.go.kr)나 대표전화(☎1390)로 확인할 수 있다.김소영 동아닷컴 기자 sykim41@donga.com"
사전투표 마친 文 “투표해야 심판한다…현 정부 정신 차려야”,2024/04/05 16:55,"문재인 전 대통령과 부인 김정숙 여사가 제22대 국회의원 선거 사전투표 첫날인 5일 오전 경남 양산시 하북면주민자치센터에 마련된 하북면 사전투표소에서 투표를 하고 있다. 2024.4.5/뉴스1문재인 전 대통령이 제22대 국회의원선거 사전투표를 한 뒤 “현 정부를 정신 차리게 해야 하는 선거”라고 밝혔다.문 전 대통령은 5일 경남 양산시 하북면 사전투표소에서 투표를 마친 뒤 취재진과 만나 “투표해야 심판할 수 있고 투표해야 바뀐다”며 “투표는 유권자의 의무이고 모든 국민께서 투표에 참여해 주길 바란다”라며 이같이 말했다.더불어민주당 후보 지원 유세에 대한 심정을 묻는 말에 그는 “민주당과 조국혁신당, 새로운미래 이런 야당들이 이번 선거에서 많이 승리하길 바라는 마음으로 응원의 마음을 보태고 있다”고 했다.그는 투표율 전망에 대해서는 “그동안 선거운동 현장에서의 분위기는 투표 참여 의지가 굉장히 높은 것 같다. 아마 투표율이 과거 어느 때보다 높지 않을까 생각된다”며 “유권자들께서 투표를 통해서 심판 의지를 표출해 줄 것이라고 믿는다”고 말했다.조국혁신당의 약진에 대한 질문에 문 전 대통령은 “조국혁신당이 갑자기 만들어진 그런 당이고 여러 가지 부족한 점이 많은데도 국민들의 많은 지지를 받고 있다는 것은 그만큼 국민들이 지금의 우리 한국 정치 상황에 대한 분노가 뜨겁다는 것”이라고 평가했다.이어 “이번 선거 이후에 혁신당이 좀 더 대중적인 정당으로 잘 성장해 가는 것이 중요하다고 본다”고 덧붙였다.김예슬 동아닷컴 기자 seul56@donga.com"
오후 3시 투표율 59.3%…21대 총선보다 2.8%p 높아,2024/04/10 15:41,"제22대 국회의원선거 투표일인 10일 오전 서울 중구 청구초등학교 야구부 실내훈련장에 마련된 투표소에서 유권자들이 투표에 앞서 선거인명부를 확인하고 있다. 2024.4.10. 뉴스1제22대 국회의원 선거(총선) 본투표일인 10일 오후 3시 기준 전국 평균 투표율이 59.3%로 집계됐다. 지난 21대 총선 같은 시간대 투표율(56.5%)보다 2.8%포인트 높은 수치다.중앙선거관리위원회에 따르면 이날 오전 6시부터 진행된 본투표에서 전체 유권자 4428만11명 중 2625만9770명이 투표를 마쳤다.현재까지 투표율이 가장 높은 지역은 전남(63.7%)이다. 이어 세종(62.7%), 전북·광주(61.4%) 순으로 집계됐다. 투표율이 가장 낮은 곳은 제주로, 55.3%를 기록했다. 대구(55.8%)와 인천(57.5%)도 평균치를 밑돌았다.이날 투표는 오후 6시까지 전국 1만4259곳 투표소에서 실시된다. 유권자는 주민등록지 기준으로 지정된 투표소에서만 투표할 수 있으며, 주민등록증, 여권, 운전면허증 등 관공서 또는 공공기관이 발행한 신분증을 반드시 지참해야 한다. 내 투표소 위치는 각 가정으로 발송된 투표안내문 또는 투표소 찾기 연결 서비스(si.nec.go.kr) 등에서 확인할 수 있다.개표는 전국 254곳 개표소에서 오후 6시 30분경부터 시작될 전망이다. 부정선거 의혹 차단을 위해 수검표 제도가 처음 시행되면서 당선자 윤곽은 11일 오전 1~2시경 드러날 것으로 예상된다. 후보 간 격차가 큰 곳은 보다 빨리 당선자가 나올 수 있고, 박빙 지역은 시간이 더 소요될 것으로 보인다. 비례대표 당선자는 개표 종료 후 의석 산정 작업을 거쳐 11일 오전 5시가 지나야 결정될 전망이다.김혜린 동아닷컴 기자 sinnala8@donga.com"
“이건 K-드라마인가”…외신에서도 주목받은 ‘K-개표방송’,2024/04/10 14:25,"제22대 국회의원선거 투표일인 10일 서울 강동구 고분다리전통시장 내 북까페도서관‘다독다독’에 마련된 천호3동 제4투표소 앞에서 방송사 출구조사원들이 투표를 마친 유권자들을 대상으로 출구조사를 하고 있다. 2024.4.10/뉴스1“이건 K-드라마인가? 아니다, 한국 선거의 밤이다.”한국 방송사들이 준비한 개표 방송이 “또 다른 한류 콘텐츠”라고 불릴 정도로 신선하고 흥미롭다는 외신 평가가 나왔다.10일 영국 BBC는 이날 한국 주요 방송사들이 총선 개표 방송에서 화려한 그래픽과 인공지능(AI), 대중문화 패러디 등을 활용하는 재미있는 프로그램을 선보일 예정이라고 보도했다.SBS의 경우 2003년 처음 방영한 드라마 ‘천국의 계단’의 장면이나 할리우드 블록버스터 ‘미션 임파서블’을 패러디한 장면을 선보일 예정이라고 BBC는 주목했다.또 이는 SBS가 1년간 노력한 최종 결과물이라며 이를 준비하는 과정이 “마치 올림픽을 준비하는 것 같다”라는 기획자의 소감도 전했다.특히 이날 개표 방송을 위해 200명의 인원이 투입될 예정이라고 BBC는 부연했다.KBS가 총선 후보들의 아바타가 선거 공약을 바탕으로 랩 배틀을 벌이는 장면을 기획했다는 점도 소개됐다.BBC는 이런 방식이 젊은 유권자들의 마음을 사로잡기도 했다고 짚었다.박모씨(25)는 BBC에 “(개표 방송이) 전혀 지루하지 않았다”라며 “친구와 가족들과 함께 시청하면서 대화를 나눌 수 있는 계기가 됐다”라고 말했다.젊은 층이 익숙한 밈(meme)을 사용해 정치인의 권위적인 이미지를 보다 친근하게 만들어 정치에 대한 관심이 높아졌다는 반응도 나왔다.다만 이런 개표 방송에 대해 일부 노년층 시청자들은 공감하기 힘들고 다소 시끄럽다는 부정적인 평가도 나왔다고 BBC는 짚었다.일각에서는 부작용에 대한 우려도 있었다.BBC는 선거 방송이 흥미롭고 오락적인 요소로 높은 시청률을 기록할 수는 있지만 저출생이나 교육, 의료 등 관련 이슈들이 외면받을 수 있다는 지적도 제기됐다고 전했다.(서울=뉴스1)"
"“일본 재외투표소서 투표지 훼손…파주선 촬영” 경기도 선관위, 2명 고발",2024/04/10 13:50,"제22대 국회의원선거 투표일인 10일 대전 서구 도마1동 도마e편한세상포레나 어린이도서관에 마련된 제2투표소에서 유권자들이 소중한 한 표를 행사하고 있다. 2024.4.10/뉴스1경기도선거관리위원회는 공직선거법 위반으로 두 명을 고발 조치했다고 밝혔다.고양시 일산서구 선거관리위원회는 제22대 국회의원 선거 일본 소재 재외투표소에서 투표용지를 훼손한 혐의 등으로 A 씨를 전날(9일) 경찰에 고발했다.A 씨는 지난 3월 31일 일본 소재 재외 투표소에서 10여분 간 투표용지 2장과 회송용 봉투를 찢는 등 훼손한 혐의를 받는다. A 씨는 투표 용지에 재외투표소 책임위원의 도장을 직접 날인하지 않고 인쇄하는 것에 대해 의혹을 제기해 이같은 소란을 피운 것으로 알려졌다. 그는 고양시 일산서구에 주소지를 둔 선거인으로, 선거 당일 일본에 머물 것으로 예상돼 국외부재자 신고를 했다.공직선거법 제244조 제1항은 폭행이나 협박을 가해 투표소?개표소 또는 선거관리위원회 사무소(재외선거사무를 수행하는 공관 등 포함)를 소요?교란하거나, 투표용지?투표지 등 선거관리 또는 선거인명부를 은닉?손괴?훼손 또는 탈취한 행위 등을 한 자에 대해 1년 이상 10년 이하의 징역 또는 500만원 이상 3000만원 이하의 벌금에 처하도록 규정하고 있다.파주시 선거관리위원회도 지난 사전투표기간 중 사전투표소에서 자신의 투표지를 촬영하고 그 사진을 특정 후보자의 SNS에 게시한 혐의로 B 씨를 이날 경찰에 고발했다.B 씨는 제22대 국회의원 선거 사전 투표 첫 째날인 지난 4일 사전투표소 기표소에서 자신이 기표한 투표지 2장(지역구, 비례대표)을 촬영한 후 투표소 밖으로 나와 특정후보자와 정당 관련한 SNS에 댓글로 게시한 혐의를 받는다.공직선거법 제166조의2 제1항에 따르면 누구든지 기표소 안에서 투표지를 촬영할 수 없고 같은법 제167조 제3항에 따르면 선거인은 자신이 기표한 투표지를 공개할 수 없다.경기도 선관위 관게자는 “투표 개표 질서를 훼손하는 일체의 선거범죄에 대해 엄정 대처하겠다”면서 “제22대 국회의원 선거가 공명선거로 마무리 될 수 있도록 각별히 주의해달라”고 했다.(수원=뉴스1)"
투표용지 찢고 유튜버 촬영에 음주 행패까지…투표소 곳곳 소동,2024/04/10 14:00,제22대 국회의원선거 투표일인 10일 오전 서울 중구 청구초등학교 야구부 실내훈련장에 마련된 투표소에서 유권자들이 투표에 앞서 선거인명부를 확인하고 있다. 2024.4.10. 뉴스1제22대 국회의원 선거(총선) 당일인 10일 전국 곳곳 투표소에서 크고 작은 소동이 벌어졌다.광주의 한 투표소에서는 유권자가 투표용지를 찢어버리는 사건이 발생했다. 경찰 등에 따르면 이날 오전 6시 50분경 광주 동구 계림2동 1투표소에 연로한 어머니를 모시고 온 남성 A씨는 어머니가 기표소에서 “어떻게 (투표) 해야 하지”라며 도움을 요청하자 함께 기표소로 들어갔다.이를 본 선관위 측이 “제3자가 기표를 본 경우 투표를 무효 처리해야 한다”고 하자 A씨는 투표용지를 찢어버렸다. 선관위 측은 A씨를 투표용지 훼손 혐의로 고발할지 검토 중인 것으로 전해졌다.광주 광산구 수완동 3투표소 앞에선 개인 유튜버가 투표소로 향하는 유권자들을 촬영하고 있다가 경찰의 제지를 받기도 했다. 투표소 내부를 촬영한 것이어서 선거법 위반은 아니지만 유권자에게 영향을 줄 수 있다고 보고 퇴거를 요청한 것으로 알려졌다.울산 수암동 제3투표소에서는 주취자가 투표한 뒤 ‘투표장소를 찾기 힘들다’며 소리치며 행패를 부리는 사건이 발생했다. 이 주취자는 선관위 직원이 제지한 뒤 경찰에 신고하자 현장에서 도망쳤다.한편 이날 오후 1시 기준 전국 평균 투표율은 53.4%로 집계됐다. 지난 21대 총선 같은 시간대 투표율(49.7%)과 비교해 3.7%포인트 높은 수치다. 이날 투표는 오후 6시까지 전국 1만4259곳 투표소에서 실시된다.김혜린 동아닷컴 기자 sinnala8@donga.com
"국힘, ‘한동훈 아들 학폭’ 의혹 제기 강민정·황운하 등 고발",2024/04/05 10:40,"황운하 조국혁신당 의원이 26일 오전 서울 여의도 국회 의원회관에서 열린 조국혁신당 비례대표 후보 및 당직자 성인지 감수성 향상 교육 및 역량 강화 세미나에서 강연을 듣고 있다. 2024.3.26/뉴스1국민의힘은 사전 투표 첫날인 5일 황운하 조국혁신당 의원이 당초 이날 ‘국민의힘 한동훈 비대위원장 아들 학폭 의혹 관련 기자회견’을 예고했다가 취소하자 명백한 허위사실이라며 황 의원과 강민정 더불어민주당 의원 등 관련자 고발을 예고했다.당 중앙선거대책위원회 클린선거지원단은 이날 오전 출입기자단 언론 공지를 통해 공직선거법 위반(허위사실공표) 혐의로 강 의원과 황 의원, 윤혁근 오마이뉴스 기자 등을 대검찰청에 고발할 것이라고 밝혔다. 또 야권 매체로 분류되는 조한무 민중의소리 기자 등도 아동복지법 위반 혐의로 고발하겠다고 했다.지원단은 “강 의원은 제22대 국회의원선거 사전 투표일이 임박한 시점에 인터넷 매체 ‘오마이뉴스’ 윤근혁 기자와 공모하여, 한 위원장의 아들이 학폭에 연루된 사실이 없음에도 불구하고 2차례에 걸쳐 한 위원장 및 아들에 대한 허위사실을 공표했다”고 설명했다.지원단은 “황 의원은 한 위원장의 아들이 학폭을 저지른 사실이 없음에도 국회 기자회견 예약 등의 방법을 통해 ‘국민의힘 한동훈 비대위원장 아들 학폭 관련 의혹’이라는 내용의 기자회견을 예고하는 등 허위사실을 공표했다”며 “이 내용을 인터넷 커뮤니티 등에 확산시킨 성명불상의 네티즌들 또한 허위사실을 공표했다”고 부연했다.그러면서 “인터넷 매체 ‘민중의소리’ 조한무 기자 등은 지난 3월경 한 위원장의 아들이 재학 중인 중학교 교문 앞에서 불특정 다수의 어린 학생들에게 위협적으로 카메라를 들고 무작위로 탐문하는 등 아동의 정신건강 및 발달에 해를 끼치는 정서적 학대행위를 했다”고 비판했다.이어 “학폭 자체가 없었던 명백한 허위사실 임에도 야당 국회의원과 인터넷 매체가 야합해 허위사실을 보도한 것, 이에 편승하여 허위사실을 유포하려 하려한 것, 마타도어를 만들기 위해 어린 학생들을 대상으로 정서학대를 한 것 모두 우리 정치를 일그러뜨리고 사회에 해악을 끼치는 더러운 정치공작질”이라고 맹폭했다.아울러 “국민의힘은 야당과 인터넷 매체, 인터넷 커뮤니티에서 이를 확산시키려는 모든 정치공작에 대해 단호히 대처해 나가 건전한 사회를 만들어가는 데 앞장설 것”이라고 강조했다.(서울=뉴스1)"
이재명 “투표 포기할수록 기득권자 유리…尹정권에 경종 울려야”,2024/04/05 11:39,"이재명 더불어민주당 대표가 제22대 국회의원선거 사전투표일인 5일 오전 대전 중구 대전평생교육진흥원에 마련된 사전투표소에서 투표를 하고 있다. 2024.4.5/뉴스1이재명 더불어민주당 공동상임선거대책위원장 겸 대표는 4·10 총선 사전투표 첫날인 5일 대전을 찾아 사전투표를 했다.이 대표는 이날 오전 대전 중구 은행선화동 사전투표소를 찾아 자신의 한 표를 행사했다. 이후 취재진과 만나 “본투표를 못할 수도 있기 때문에 오늘 내일 진행되는 사전투표를 많이 해주길 부탁드린다”며 사전투표를 독려했다.이어 “주권을 포기하면, 투표를 포기하면 포기하는 것만큼 소수 기득권자들의 몫이 된다”며 “젊은 과학자들이 많은 대전 유권자들이 우리나라 미래를 위해 투표해주길 바란다”고 말했다.이 대표는 “지난 2년간 윤석열 정권이 잘했다, 이 정도면 충분하다 생각하면 그렇게 하시는 거고, 이건 아니다. 멈춰야 한다 라고 하면 경종을 울려야 한다”며 “어느 당을 지지하는 건 다음 문제고 정말 이 상태가 바람직한지, 아니면 바꿔야 하는지 이 부분에 집중해 주시길 부탁드린다”며 지지를 호소했다.(서울·대전=뉴스1)"
"與 “직원 권유로 대출했다는 양문석, 허위사실 공표로 고발”",2024/04/08 14:39,"제22대 국회의원 선거 경기 안산갑에 출마한 양문석 더불어민주당 후보가 3일 오전 경기 안산시 단원구 SK브로드밴드 한빛방송에서 열린 제22대 국회의원선거 방송토론회에 참석해 토론회를 준비하고 있다. 2024.4.3. 뉴스1국민의힘은 8일 양문석(경기 안산갑) 더불어민주당 후보가 ‘편법 대출’ 의혹이 제기되자 “새마을금고 직원 권유에 따라 대출을 신청한 것”이라고 해명한 것과 관련, 대검찰청에 허위사실 공표죄로 고발하기로 했다.신지호 이조(이재명·조국)심판 특위 위원장은 이날 오후 서울 여의도 중앙당사에서 기자회견을 열고 “금융감독원과 새마을금고 중앙회의 중간 조사 결과에 따르면 양문석 후보는 새마을금고 직원 권유에 따라 대출을 신청한 것이 아니라 일명 대출 브로커를 낀 불법 작업 대출을 한 것으로 밝혀졌다”며 이같이 밝혔다.신 위원장은 “양문석 후보의 해명은 명백한 거짓 해명으로 밝혀졌고, 허위사실 공표죄는 유권자의 판단을 흐리는 행위이자 선거 결과를 왜곡시킬 수 있는 중대한 범죄행위로, 이를 묵과할 수 없다”고 지적했다.국민의힘에 따르면 양 후보는 이날까지 △주택구입을 위한 불법 작업 대출로 인한 특경법 위반 사기죄 △대출 유지를 위한 허위 거래명세서 제출로 인한 특경법 위반 사기죄 △새마을금고 직원 권유로 사업자 대출을 받았다는 해명으로 인한 허위사실공표죄 △재산축소 신고로 인한 허위사실 공표죄 등 네 가지 혐의를 받고 있다.신 위원장은 “새마을금고에 제출한 5억원 물품거래명세서 등은 사문서 등을 위조한 혐의가 추가될 수 있음을 알려드린다”고 덧붙였다.그는 “이 정도면 범죄종합선물 세트라고 불릴 만하다”며 “이런 후보를 공천한 민주당은 국민께 사죄하고, 양문석 후보는 후보직에서 사퇴해야 할 것”이라고 날을 세웠다.(서울=뉴스1)"
"선관위, ‘편법 대출’ 의혹 양문석 고발…재산 축소 신고 혐의",2024/04/08 14:46,"제22대 국회의원 선거 경기 안산갑에 출마한 양문석 더불어민주당 후보가 지난 3일 오전 경기 안산시 단원구 SK브로드밴드 한빛방송에서 열린 제22대 국회의원선거 방송토론회에 참석해 토론회를 준비하고 있다. 뉴스1경기 안산시 상록구 선거관리위원회가 더불어민주당 양문석(경기 안산갑) 후보를 재산 축소 신고 혐의로 경찰에 고발 조치했다.8일 중앙선거관리위원회에 따르면 경기 안산시상록구선관위는 지난 5일 안 후보를 공직선거법상 허위사실 공표 혐의로 안산상록경찰서에 고발했다.안 후보는 배우자와 공동명의로 보유한 서울 서초구 잠원동 아파트를 2020년 당시 매입 가격(31억 2000만 원)이 아닌 공시가격(21억 5600만 원)으로 선관위에 재산을 신고했다.공직자윤리법 시행령에 따르면 공직선거 후보자가 소유 부동산을 신고할 때 공시 가격과 실거래 가격 중 높은 금액을 기재하도록 규정하고 있다.해당 아파트는 양 후보가 새마을금고로부터 ‘편법 대출’을 받았다는 의혹이 제기된 곳이기도 하다.양 후보의 배우자는 2020년 11월 모 대부업체로부터 5억 8000만 원을 대출받아, 양 후보와 공동으로 서울 서초구 아파트를 31억 2000만 원에 샀다. 5개월 뒤인 2021년 4월, 당시 대학생이었던 양 후보 딸은 이 아파트를 담보로 대구 수성새마을금고에서 사업자 대출 11억 원을 받아, 양 후보 부부의 기존 대출금을 갚는 데 사용했다.사업자 대출을 받아 주택을 구입하는 데 쓰는 것은 불법이다. 새마을금고중앙회는 대출금이 용도에 맞지 않게 사용됐다고 판단해 수성새마을금고에 대출금 11억 원을 전액 환수하도록 했다.새마을금고중앙회는 이외에도 양 후보 딸이 사업자임을 증빙하기 위해 제출한 문서들이 허위라고 보고, 양 후보 딸과 대출 모집인의 사문서 위조 혐의를 수사 기관에 알리기로 했다.최재호 동아닷컴 기자 cjh1225@donga.com"
“투표지 인쇄 잉크 떨어졌어요”…역대급 사전투표 인원에 선관위 ‘쩔쩔’,2024/04/06 22:28,"제22대 국회의원 총선거 사전투표가 끝난 6일 오후 서울 서초구 내곡열린문화센터에 마련된 사전투표소에서 관계자들이 관외 투표용지가 들어있는 투표함을 개봉하고 있다. 이날 사전투표율은 최종 31.28%로 역대 최고를 기록했다. 2024.4.6/뉴스1 ⓒ News1 김민지 기자4·10 국회의원선거 사전투표 둘째 날인 6일 강원 춘천 일부 사전 투표소에서는 역대 최대 사전투표 인원이 몰리면서 투표용지 인쇄 잉크가 바닥이 나는 해프닝이 벌어졌다.뉴스1 취재 결과 이날 춘천 퇴계동, 석사동, 효자2동, 후평동 등 사전투표소에서는 투표용지 인쇄 잉크가 부족해 춘천시 선거관리위원회로부터 긴급 조달받는 일이 발생했다.해당 지역은 춘천 내에서도 인구가 많은 곳들로, 예상보다 많은 선거인이 몰린데다 비례 투표용지가 역대 최장 길이로 길어지면서 잉크가 빨리 소모됐다.이번 총선에서는 비례대표 투표용지 길이가 51.7㎝(38개 정당)로 21대 총선 48.1㎝(35개 정당)보다 길어졌다. 비례대표 투표용지 바탕색이 연두색인 것도 잉크가 빨리 소모되는데 영향을 미쳤다.이에 선거사무원들은 잉크가 소모되자 투표 지연 등의 사태를 우려해 시 선관위에 잉크 보충을 요청했다.시 선관위 직원들은 직접 배달하고, 추가로 필요한 곳은 도 선관위에서 잉크를 받아 각 투표소에 전달했다. 다만 잉크가 부족해 선거가 지연되거나 항의하는 일은 없었던 것으로 알려졌다.시 선관위 관계자는 “비례대표 용지가 역대 최장길이로 나온 데다 투표율도 높아 잉크가 빠르게 떨어진 것 같다”고 설명했다.한편 도내 사전 투표율은 32.64%로 지난 21대 총선 사전투표율(28.75%)보다 3.89%p 높은 것으로 나타났다. 이는 전국 5번째를 기록했다.(춘천=뉴스1)"
22대 국회가 벌써 두렵다 [김지현의 정치언락],2024/04/08 14:00,"크게보기“선거운동을 하면서 나라 걱정이 되기는 처음이다. 생각하는 것보다도 사람들이 더 윤석열 정부에 화가 나 있었다. 설령 우리 당이 과반을 못 한다고 하더라도 이 정도 민심이면 22대 국회 이후 임기 동안 정부가 제대로 일을 할 수 있을까 싶더라.”지난주 더불어민주당의 계파색이 옅은 온건파 의원의 말입니다. 캐스팅보트 지역의 현역 의원인 그는 생각보다 잔뜩 성난 민심에 놀랐다며, 이같이 전했습니다.물론 민주당 의원이니까 저렇게 말하는 것도 고려해야 하겠지만, 여야 모두 이번 선거 내내 ‘심판’이라는 단어를 사람들 귀에 못이 박히도록 외친 건 확실합니다. 정권 3년 차에 치러지는 중간 평가격의 총선을 앞두고 민주당은 일찌감치 ‘정권심판론’을, 이에 맞서 국민의힘은 ‘이조(이재명, 조국) 심판론’을 외쳐왔죠. 양쪽 다 “내가 더 잘할 테니 나를 뽑아 달라”가 아니라 “쟤를 뽑으면 우리 다 같이 죽는 것이니 나를 뽑아라”는 협박 수준에 가까운 선거 운동을 펼쳤습니다. 정책공약은 사라졌고, 한동훈과 이재명 여야 수장을 중심으로 막말과 독설이 판을 쳤고요.크게보기7일 오후 충남 공주시 공주대 후문 삼거리 에서 열린 ‘국민의힘으로 공주 부여 청양 살리기’ 유세에서 국민의힘 지지자들이 연호하고 있다. 공주=뉴시스크게보기7일 오후 서울 송파구 석촌동주민센터 앞에서 열린 더불어민주당 이재명 대표의 송기호 서울 송파을 후보 지원 유세에서 지지자들이 대파를 들고 웃고 있다. 뉴스1여느 선거 때나 ‘네거티브’와 ‘비방전’은 있었다지만, 이번처럼 서로가 감정적으로 적대화하는 수준은 처음 보는 듯합니다. 좋은 말도 자꾸 들으면 질린다는데, 서로를 향한 욕설과 비방을 몇 달째 들으면서 사람들의 분노 수위도 당연히 올라갔고요. 그 분노의 표심이 역대 총선 최고 사전투표율(31.3%)로 나타난 것으로 보입니다.결국 21대 국회 내내 여야 간 협치의 발목을 잡았던 ‘증오 정치’ ‘혐오 정치’가 총선을 계기로 더 독해진 겁니다. 여기에 거대 양당만으로 모자라 한 때 나라를 서초동과 광화문으로 두동강 냈던 조국 전 법무부 장관까지 가세하면서 진영 간 적대심은 극대화됐습니다. 현재 분위기상으론 민주당과 조국혁신당을 합치면 확실히 과반은 나올 것 같은데, 분노의 표심을 먹고 22대 국회 원내에 입성하게 될 이들이 자신들의 지지층만 얼마나 극단적으로 대변할지 벌써 두렵습니다. 민주당 관계자는 “21대 국회 내내 민주당 의원들이 지지층으로부터 가장 많이 들었던 소리가 ‘기껏 180석 만들어 줬는데 대체 뭐한 것이냐’는 거였다. 이번에도 과반을 달성하게 되면 절대 그런 소리를 듣지 않게 더 독하게 나갈 가능성이 크다”고 했습니다.크게보기조국혁신당 조국 대표(가운데) 가 6일 대전 중구 우리들공원에서 대파가 그려진 포스터를 손에 들고 지지를 호소하고 있다. 조국혁신당 제공일단 현재 지지율 상 비례대표 2번으로 원내 입성이 확실해 보이는 조국 대표가 그 선두에 서겠죠. 조국혁신당은 이미 22대 국회 개원 직후 ‘한동훈 특검법’을 1호 법안으로 발의하겠다고 공약했습니다. 조 대표는 지난 3일 기자회견에서도 “한동훈 특검법은 법안 내용이 준비돼 있다”며 “민주당 이재명 대표도 당연히 동의할 것이라고 믿는다”고 했고요. 국민의힘에선 ‘감옥 갈 준비나 해라’며 콧방귀를 뀌는 분위기이지만, 조 대표는 자신이 감옥에 가더라도 자기 뜻을 이어갈 비례대표 동료들과 당원들이 많다고 했습니다. 자신이 의원직을 상실한들 그렇게 끝나는 게임이 아니라는 거죠.7일 조국 대표 페이스북 캡처민주당의 신임 당 대표 후보군도 이미 면면이 화려합니다. 정청래, 우원식, 박찬대 등 이재명 체제에서 ‘찐명’ 인증을 받은 분들이 8월 열리는 전당대회에 출마해 이재명의 뒤를 잇겠다고 벼르고 있습니다. 이밖에 박지원, 김부겸 등 OB와 박용진, 임종석 등이 후보 지원 유세를 다니는 것도 사실상 전당대회 준비용으로 봐야겠죠.박지원 전 국정원장과 김부겸 선대위원장은 원래도 조국 대표와 가까운 사이이고, 이번 총선 때도 조국혁신당을 향해 상당히 열린 자세를 유지해왔습니다. 박 전 원장은 ‘명예 조국혁신당 당원’ 얘기를 했다가 당 지도부로부터 경고까지 받았죠. ‘반조국’ 전선에 섰던 박용진 의원은 결이 다르겠지만, 임종석 전 실장도 ‘친문’(친문재인) 키워드로 조 대표와 뭉칠 가능성이 작지 않습니다. 누가 되든 민주당 신임 대표와 조국혁신당 신임 대표 간 ‘협업’ 가능성이 큰 거죠.민주당이 1당이 될 경우 국회의장도 맡게 됩니다. 국회의장은 관례상 원내 1당의 최다선 의원이 맡는데, 경기 하남갑 민주당 후보로 출마한 추미애 전 법무부 장관이 이번에 당선되면 6선이라 당내 최다선 중 한 명이죠. 추 전 장관은 이미 최근 인터뷰에서 “헌정사 여성 최초 국회의장이란 기대감을 받고 있다는 것을 느낀다. ‘혁신 의장’에 대한 기대라면 제가 얼마든지 자신감 있게 그 과제를 떠안을 수 있다”고 도전 의사를 밝힌 바 있습니다.크게보기22대 총선에 출마한 더불어민주당 추미애 경기 하남갑 후보가 7일 오후 경기 하남시에서 유세차량에 올라 사랑의 하트를 그려 보이고 있다. 뉴시스한 야당 의원은 “추미애 국회의장 시대가 열리면, 양당 모두 원내대표가 필요 없지 않겠나”라며 “여야 합의고 뭐고, 추미애 하고 싶은대로 하게 될 것”이라고 쓴웃음을 짓더군요. 하긴, ‘원내 입성 후 검찰 개혁 입법을 어떻게 추진할 것이냐’는 질문에 “강단 있게 하면 되는 것이다. 쫄지 않고 하면 된다. 그걸 또 제가 가장 잘할 수 있다고 말씀드린다”고 답한 추 후보인데, 국회의장도 정말 ‘쫄지 않고’ 할까 봐 제가 쫄립니다.여기에 초선 후보들도 심상치 않죠. 사회적 논란을 일으켜도 사과하기는커녕 “국민의힘이 더 심하다” 또는 “그게 뭐가 문제냐”는 ‘배째라’ 식의 논리도 버팁니다.대학생 딸 이름으로 편법 대출까지 받아 가며 서울 반포 아파트를 매입해 논란이 된 민주당 양문석 후보(경기 안산갑)는 “언론과 검찰, 대통령실 악의 3축 결탁을 돌파하겠다”고 되레 공세에 나섰습니다. 그는 4일 지역 유세에서 “어따가 한동훈이 양문석을 고소하나” “한동훈에게 경고한다. 말장난하지 말고 너부터 깨끗이 해라”라고 목소리를 높였습니다.크게보기경기 안산갑에 출마한 더불어민주당 양문석 후보가 3일 오전 경기 안산시 단원구 SK브로드밴드 한빛방송에서 열린 제22대 국회의원선거 방송토론회에 참석해 대기실로 들어가던 중 취재진 질문에 답변을 거부하고 있다. 뉴스1민주당 공영운 후보(경기 화성을)도 ‘아빠 찬스’ 논란 앞에서 매우 당당했죠. 그는 군 복무 중이던 25살짜리 아들에게 현 시세 30억 원 수준의 서울 성동구 성수동 땅과 건물을 증여해 논란이 되자 “자녀가 향후 결혼 등을 준비함에 있어 집 한 채는 해줘야겠다는 마음에 증여를 해야겠다고 생각했다”고 밝혔습니다. 아들에겐 서울 성수동 땅 물려주고, 본인은 화성으로 출마하네요. 공 후보는 이후 32살짜리 딸도 같은 성수동에 22억 원짜리 주택을 갖고 있는 사실이 뒤늦게 알려졌을 때도 “영끌, 갭투자를 젊은이들이 많이 한다”고 반박하기도 했습니다. 온 가족이 성수동을 잘 아시는 것 같은데 그냥 서울 중성동갑으로 출마하시지 그러셨을까요. (실제 당에서도 제안했던 것으로 아는데 본인이 조금 더 텃밭으로 분류되는 화성 출마를 강력 희망했던 것으로 전해집니다.)크게보기사전투표 첫날인 5일 오전 화성시 동탄4동 행정복지센터에 마련된 사전투표소에서  더불어민주당 공영운 후보(화성을)와 부인 이혜경 씨가 투표를 하고 있다. 공 후보는 20대 아들에게 서울 성수동 땅과 건물을 증여해 ‘아빠찬스 특혜 논란’이 불거졌다.이재명 대표의 ‘대장동 변호사’인 민주당 양부남(광주 서을) 후보도 20대 두 아들에게 서울 용산구 한남동 재개발 구역 내 단독주택을 증여한 사실이 알려졌습니다. 이에 양 후보는 “부모찬스라는 지적은 겸허히 받아들인다”면서도 “검사 시절이었던 당시(2004년), 서울 발령을 예상하고 매입한 단독주택으로 재개발 호재를 노린 부동산 투자가 절대 아니다”라고 주장했죠. 자신이 사들인 한남3구역 재개발 사업은 2020년 6월 확정됐으니 재개발을 노린 게 아니었다는 겁니다. 한남3구역은 2003년 뉴타운으로 지정된 곳이고, 이미 2000년부터 ‘용산구 일대 재개발 활활…한남동 등 5개 구역에서 9만2000여 평 추진’(한국경제) 등 관련 기사들이 쏟아졌던 이른바 ‘대장주’인데, 사람들을 바보로 아나요.아직 의원 배지 달기도 전부터 이런데 의원 나리들이 되시면 얼마나 더 기세등등할까 싶습니다. 오죽하면 대표적인 진보 진영 시민단체인 참여연대마저 공영운 양문석 양부남 후보(국민의힘에선 장진영 후보)를 콕 찍어 “22대 국회 입성이 부적절하다”라고 했겠습니까. 당내에선 벌써 21대 민주당 초선 의원 모임 ‘처럼회’보다 더 독한 모임이 만들어지는 것 아니냐고 우려도 나옵니다. 구관이 명관이라더니 정말 지긋지긋하던 21대 국회가 벌써 그리워지는 것 같습니다.김지현 기자 jhk85@donga.com"
"민주, ‘비명 무더기 탈락’에 “세대교체와 정치변화 열망 확인”",2024/03/07 11:19,"“정치 신인과 원외 인사 약진 두드러진 경선”“엄정한 공천 시스템…총선 승리 마중물 기대”더불어민주당이 7일 비이재명계 현역 의원이 무더기 탈락한 전날 경선 결과에 대해 “세대교체와 정치 변화에 대한 당원과 국민의 열망을 확인할 수 있었다”고 자평했다.안귀령 대변인은 이날 오전 낸 서면브리핑에서 “어젯밤 제22대 국회의원선거 4차·5차·6차 경선 지역구 총 20곳에 대한 결과가 발표됐다”며 “정치 신인과 원외 인사의 약진이 두드러진 것이 특징”이라고 말했다.안 대변인은 현역 최기상(서울 금천구)·오기형(서울 도봉구을)·허종식(인천 동구미추홀구갑)·신영대(전북 군산시) 의원이 본선 진출한 데 대해선 “의정활동에서 성과를 냈던 실력파 현역 의원들의 재신임”이라고 봤다.강성 친명 이수진 의원과 김병주 의원이 지역구 비명계 현역 윤영찬(경기 성남시중운구)·김한정(경기 남양주시을) 의원을 각각 꺾은 데 대해선 “비례대표의 성과를 바탕으로 지역구 경선의 문턱을 넘었다”고 했다.안 대변인은 “민주당은 엄정한 공천 시스템을 바탕으로 진행된 이번 경선이 총선 승리의 길을 여는 마중물이 되기를 기대한다”고 했다.전날 민주당 20개 선거구 경선 개표 결과, 3선 중진 박광온(경기 수원시정)·전혜숙(서울 광진구갑) 의원, 재선 강병원(서울 은평구을)·김한정(경기 남양주시을)·정춘숙(경기 용인시병), 초선 윤영찬(경기 성남시중원구)·이용빈(광주 광산구갑) 의원이 무더기 낙천했다. 친문 핵심 노영민 전 대통령 비서실장도 고배를 마셨다.[서울=뉴시스]"
김은혜·방문규·염태영 등 출사표…경기도에 공직자출신 ‘출마 러시’,2024/01/11 15:01,"제22대 국회의원선거 90여일 앞둔 10일 경기 수원시 영통구 경기도선거관리위원회 사이버공정선거지원단실에서 관계자들이 사이버선거범죄 근절 퍼포먼스를 실시하고 있다.2024.1.10. 뉴스14월 총선을 90일 앞둔 가운데 여야 고위 공직자들이 잇따라 사퇴하며 경기도 지역에 출사표를 던진 것으로 나타났다.11일 경기도와 경기도의회 등에 따르면 총선 출마를 위해 사퇴사한인 이날까지 대통령 비서실, 국회, 경기도 등의 고위공직자 다수가 사직서를 제출한 것으로 파악됐다.여권에서는 김은혜 대통령실 전 홍보수석(분당을 등), 김대남 전 시민소통비서관 직무대리(용인갑), 김보현 전 부속실 선임행정관(김포갑), 허청회 전 정무비서관실 행정관(포천가평), 전지현 전 홍보수석실 행정관(구리), 전희경 전 정무1비서관(의정부갑) 등이 총선출마를 위해 사직서를 제출했다.이 가운데 김은혜 전 홍보수석이 총선 출마를 위해 사직했다. 김 전 홍보수석은 2020년 21대 총선에서 ‘분당을’에 당선됐다가 2022년 6월 경기도지사 선거 출마를 위해 사직했다. 그러나 김동연 전 부총리(현 경기도지사)와 접전 끝에 8906표차로 패배했으며, 이후 윤석열 정부 출범 이후 대통령실 홍보수석을 거쳐 이번에 분당을 등 출마를 검토해온 것으로 전해졌다.최근 국민의힘에 영입된 방문규 전 산업통상자원부 장관도 출사표를 던졌다. 방 전 장관은 지난해 9월20일 인사청문회를 거쳐 장관에 임명됐는데 3개월여만인 지난 4일 교체됐다. 방 전 장관은 수원병 출마를 검토중인 것으로 전해졌다.야권에서는 염태영 전 경기도 경제부지사가 출사표를 던졌다. 청와대 비서관을 거쳐 3선 수원시장에 오른 염 전 부지사는 지난달 22일 이임식을 갖고 26일 더불어민주당 복당을 신청했다. 5선출신의 김진표 국회의장의 불출마로 무주공산이 된 ‘수원무’ 출마를 검토중이다. 12년간 김진표 국회의장의 보좌관으로 활동해온 이병진 수원무 지역위원장 직무대행과 한판 승부가 예고돼 있다.최근 사표를 제출한 김진욱 전 경기도 대변인도 총선출마를 검토 중인 것으로 전해졌다. 김 전 대변인은 대통령비서실 대변인실 행정관, 더불어민주당 대변인 등을 거쳐 민선 8기 경기도 첫 대변인으로 임명돼 1년 4개월 근무했다. 현재 서울지역 출마를 타진 중이다.경기도의회에서는 이은주(더불어민주당·화성7)·서정현(국민의힘·안산8)·이기인(국민의힘·성남6) 등 3명이 출사표를 던질 예정이다.경기도 관계자는 “공직자의 경우, 직을 그만두기 2주전 사직서를 제출해야 한다”며 “이를 고려할 때 오늘 총선 출마 등과 관련해 추가적으로 사직처리될 공직자는 없는 것으로 안다”고 밝혔다.(수원=뉴스1)"
오전 11시 투표율 14.5%…지난 총선보다 0.8%p 낮아,2024/04/10 11:38,"제22대 국회의원선거 투표일인 10일 오전 충남 논산 연산초등학교에 마련된 연산 제1투표소에서 양지서당 유정욱 훈장을 비롯한 가족이 투표한 뒤 인증 사진을 촬영하고 있다. 2024.4.10. 뉴스1제22대 국회의원 선거(총선) 본투표일인 10일 오전 11시 기준 전국 평균 투표율이 14.5%로 나타났다. 이는 2020년 21대 총선의 동시간대 투표율 15.3%보다 0.8%포인트 낮은 수준이다.중앙선거관리위원회에 따르면 이날 오전 6시부터 진행된 본투표에서 전체 유권자 4428만11명 중 사전투표자를 제외한 선거인 3020만1606명 가운데 642만4367명이 투표를 마쳤다. 지난 5∼6일 치러진 사전투표(투표율 31.28%)는 거소·선상·재외투표와 함께 오후 1시부터 공개되는 투표율에 합산한다.현재까지 투표율이 가장 높은 지역은 충남·경남(16.2%)이고, 대구·강원(16.0%), 경북(15.9%), 대전·충북(15.6%) 등이 뒤를 이었다. 투표율이 가장 낮은 곳은 12.1%를 기록한 광주다. 이어 전북(12.9%), 세종(13.0%), 전남(13.1%), 서울(13.2%) 등 순이었다. 경기(14.5%)와 인천(14.0%)도 평균치를 밑돌았다.이날 투표는 오후 6시까지 전국 1만4259곳 투표소에서 실시된다. 유권자는 주민등록지 기준으로 지정된 투표소에서만 투표할 수 있으며, 주민등록증, 여권, 운전면허증 등 관공서 또는 공공기관이 발행한 신분증을 반드시 지참해야 한다. 내 투표소 위치는 각 가정으로 발송된 투표안내문 또는 투표소 찾기 연결 서비스(si.nec.go.kr) 등에서 확인할 수 있다.개표는 전국 254곳 개표소에서 오후 6시 30분경부터 시작될 전망이다. 부정선거 의혹 차단을 위해 수검표 제도가 처음 시행되면서 당선자 윤곽은 11일 오전 1~2시경 드러날 것으로 예상된다. 후보 간 격차가 큰 곳은 보다 빨리 당선자가 나올 수 있고, 박빙 지역은 시간이 더 소요될 것으로 보인다. 비례대표 당선자는 개표 종료 후 의석 산정 작업을 거쳐 11일 오전 5시가 지나야 결정될 전망이다.김소영 동아닷컴 기자 sykim41@donga.com"
"오늘부터 AI 딥페이크 선거운동 금지…선관위, 62명 전담반 운영",2024/01/29 14:28,"제22대 국회의원선거 90여일 앞둔 10일 경기 수원시 영통구 경기도선거관리위원회 사이버공정선거지원단실에서 관계자들이 사이버선거범죄 근절 퍼포먼스를 실시하고 있다. 2023년 12월28일 개정된 공직선거법에 따라 선거일 전 90일부터 선거일까지 선거운동을 위해 딥페이크 영상 등을 제작·편집·유포·상영 또는 게시할 수 없다. 다만 부칙에 따라 공포 후 1개월이 경과한 오는 29일부터 금지된다. 2024.1.10. 뉴스1총선을 불과 70여일 앞둔 가운데 29일부터 인공지능(AI) 기반 ‘딥페이크(Deep fake)’ 영상을 이용한 선거운동이 금지된다. 총선을 앞두고 악용 우려가 나오자 중앙선거관리위원회는 60여명 규모의 특별 전담반을 꾸리는 등 본격적인 예방 및 단속 활동을 예고했다.선관위에 따르면 이날부터 AI 딥페이크 영상을 활용한 선거운동이 전면 금지된다. 지난해 12월28일 개정된 공직선거법에 따라 누구든지 선거일 전 90일부터 선거일까지 선거운동을 위해 딥페이크 영상 등을 제작·편집·유포·상영 또는 게시할 수 없다.다만 부칙에 따라 공포 후 1개월이 경과한 29일부터 금지되면서 이날부터 사용자가 직접 조작하는 포토샵, 그림판 등으로 만든 음향·이미지·영상을 제외한, 인공지능 기능이 포함된 프로그램으로 만든 음향·이미지·영상의 활용은 제한된다.다만 공직선거법을 위반하지 않는 범위에서 의정활동 보고, 통상적인 정당 활동, 당내경선 운동, 투표 참여권유 활동에 딥페이크 영상 등을 이용할 수 있다.이 같은 개정법 통과에도 AI 딥페이크 영상 등을 활용한 가짜뉴스 유포는 선거를 앞두고 치명적 타격을 입힐 수 있다는 우려가 나왔다. 특히 미국 등 해외에서도 조 바이든 대통령이 성 소수자 혐오 연설을 하는 영상 등 AI 기반 딥페이크 영상물이 퍼져 큰 파장이 인 바 있어 정치권에서도 대응책 마련을 요구하는 목소리가 이어졌다.이에 선관위도 지난 11일부터 AI 모니터링 전담 요원과 AI 전문가로 구성된 특별 전담반을 확대 편성해 운영하는 등 본격적인 대비에 나섰다.전담반은 59명의 AI 모니터링 전담 요원(중앙선관위 5명, 시도선관위 54명)과 AI 감별 자문위원 3명을 두는 등 총 62명으로 구성됐다. 이들은 시각적 탐지와 범용 프로그램 활용, AI 자문위원 감별 등 3단계로 세분화된 감별을 실시할 예정이다.또 포털·커뮤니티사이트 초기화면에 신고·제보 배너를 게시하는 등 AI 콘텐츠가 선거운동에 활용되는지도 감시하는 등 위법행위에 대한 예방과 단속을 강화했다.이들은 언론보도, 포털·SNS 사와 업무협조를 통해 유권자와 후보자 등에게 운용 기준을 안내하고, 가용역량을 총동원해 악의적·조직적 제작·유포 행위에 대해 엄중 조사·조치할 예정이라며 강력 대응을 예고하기도 했다.이에 따라 위법성이 의심되는 AI 콘텐츠는 선제적으로 삭제 조치하고, 삭제요청에 불응하는 경우 과태료 등을 적극 부과하는 한편 AI 댓글 자동 생성 프로그램 등을 이용한 댓글 자동 게시가 의심되면 수사기관에 신속히 통보할 예정이다.중앙선관위는 “누구든지 오늘부터는 선거운동을 위해 인공지능 기술 등으로 만든 실제와 구분하기 어려운 가상의 음향, 이미지 또는 영상 등을 제작, 편집, 유포, 상영, 게시할 수 없다”며 “포토샵, 그림판과 같이 사용자가 직접 조작하는 프로그램을 이용하는 것은 제한되지 않지만, 인공지능 기술을 활용한 기능이 포함된 프로그램으로 만든 음향, 이미지, 영상은 제한 대상이 될 수 있다”고 말했다.이어 “선거운동 목적 가상의 딥페이크 영상 등을 제작하거나 유포하지 않아야 하고, 법에 위반되는 AI 콘텐츠를 2차, 3차로 퍼 나르는 경우 법에 위반되므로 주의가 필요하다”며 “위반 게시물로 의심되는 경우 관할 선관위로 신속히 제보할 것을 당부드린다”고 밝혔다.(서울=뉴스1)"
캐스팅보터 2030 투표에 승패 달렸다…30%이상 표심 안갯속,2024/04/08 13:35,"한동훈 국민의힘 비상대책위원장이 지난달 4일 충남 천안 백석대학교 창조관에서 열린 대학생들과 간담회를 마치고 학생과 셀피 촬영을 하고 있다. 뉴스1이재명 더불어민주당 대표가 제22대 국회의원선거 사전투표일인 5일 오전 대전 중구 대전평생교육진흥원에 마련된 사전투표소에서 카이스트 학생들과 함께 투표를 마친 뒤 취재진의 질문에 답하고 있다./뉴스1총선을 이틀 앞두고 대표적인 캐스팅보터로 꼽히는 2030을 향한 청년 공약이 눈에 잘 띄지 않고 있다. 반면 5060을 향한 여야의 구애는 그 어느 때보다도 높다.이에 정치권에선 부동층이 많은 2030보다는 확실한 1표를 위해 5060을 위한 공약에 우선순위를 두는 것 아니냐는 비판과 함께 결국 2030에서 선거 승패가 좌우될 것이란 전망이 나온다.8일 중앙선거관리위원회에 따르면 총 4428만 11명의 유권자 가운데 50대 이상 유권자가 51.58%로 절반을 넘겼다.특히 60대 이상은 4년 만에 210만 명이 늘어 세대 가운데 가장 큰 비중을 차지했고, 역대 총선 중 60대와 70대 이상 비중이 31.9%로 18~29세와 30대 비중(30.6%)을 처음으로 앞섰다.총선 후보자 연령도 평균 연령이 57.8세로 21대 총선 평균 연령(54.8세)보다 3세 늘었다. 후보 평균 연령 집계 기록을 시작한 18대 총선(49.2세) 이후 가장 높다.이에 여야는 맞춤형 공약을 쏟아냈다. 국민의힘은 요양병원 간병비 급여화 추진, 경로당 점심 주 7일로 확대, 서민과 중산층을 위한 실버타운 확대 특별법 제정을 약속했고, 더불어민주당은 경로당 주 5일 어르신 점심 제공, 요양병원 간병비 건강보험 적용 등으로 맞불을 놨다.여야의 청년 정책이 없는 것은 아니다.국민의힘은 청년청 신설, 아빠 1개월 출산 유급 휴가 개시, 올해 2학기부터 전국 모든 초등학교에서 늘봄학교 전면 실시, 청년 대상 주택공급 확대 등을 내세웠다.민주당은 월 3만원 청년패스, 천원의 아침밥 확대, 신혼부부 가구당 10년 만기 시 1억원 대출, 자녀 출산 시 무이자 적용에 원금 전액 감면 등을 제시했다.하지만 구체성이 부족하고 각종 공약에 선행 조건이 붙을 뿐 아니라 청년들에게 잘 알려지지 않았다는 평이 나온다.배경엔 단순 유권자 수치뿐 아니라 최근 총선 과정에서 이는 막말 논란, 지난 대선에 이은 ‘심판’ 선거 등 다양한 요인이 자리한다. 이에 2030을 중심으로 무당층이 증가, 선거 막판까지 표심을 정하지 못하는 비율이 늘어나고 있다.여론조사 전문업체 한국갤럽이 지난달 26일부터 28일까지 전국 만 18세 이상 1001명을 대상으로 전화 조사원 인터뷰로 진행한 여론조사에서 18세~29세의 무당층 비율은 38%, 30대의 무당층 비율은 29%를 기록했다.반면 40대 무당층 비율은 12%, 50대 무당층 비율은 11%, 60대 무당층 비율은 11%, 70대 이상 무당층 비율은 6%를 기록했다.(자세한 사항은 중앙여론조사심의위원회 홈페이지 참조)2030세대 3명 중 1명꼴이 무당층으로 조사되면서 결국 이들이 막판 변수로 떠오를 것이란 전망이 나온다. 특히 초박빙 지역으로 꼽히는 50여 개 선거구의 승패가 이들 손에 갈릴 것이란 예측이 가능하다. 60대 이상이 보수, 4050이 진보 성향을 가진 데 비해 2030은 선거마다 선택을 달리했기 때문이다.신율 명지대학교 정치외교학과 교수는 통화에서 “2030의 막판 표심이 전체 선거, 특히 격전지에서 영향을 줄 수 있다”며 “2030 남성의 경우 보수 우세, 여성의 경우 진보 우세의 흐름이 어떤 변화를 줄지 주목된다”고 말했다.(서울=뉴스1)"
사전투표율 31.28% ‘역대 최고’…총선 첫 30% 돌파,2024/04/06 20:50,"제22대 국회의원선거 사전투표가 시작된 5일 오전 대전시청 마련된 사전투표소에서 유권자들이 소중한 한표를 행사하고 있다. 뉴스1제22대 국회의원선거 사전투표율이 31.28%로 집계됐다. 이는 지난 2016년 총선 사전투표제가 도입된 이래 역대 최고 투표율이다.6일 중앙선거관리위원회는 이틀간 진행된 총선 사전투표에서 전체 유권자 4428만11명 가운데 1384만9043명이 참여했다고 밝혔다.이번 총선의 사전투표율은 2020년 21대 총선(26.69%)보다 4.59%포인트(p) 높다. 또 역대 총선 사전투표 중 처음으로 30%를 넘겼다.ⓒ뉴시스지역별로 가장 높은 투표율을 보인 곳은 전남(41.19%)이다. 이어 전북(38.46%), 광주(38.00%), 세종(36.80%) 등이 뒤를 이었다.대구는 투표율 22.88%로 전국 최저치를 기록했다. 제주(28.50%), 경기(29.54%), 부산(29.57%), 울산(30.13%), 충남(30.24%), 대전(30.26%), 충북(30.64%), 경남(30.71%), 경북(30.75%) 등도 전국 평균보다 낮은 투표율을 보였다.이외에 서울은 32.63%, 인천은 30.06%를 기록했다.김예슬 동아닷컴 기자 seul56@donga.com"
오전 10시 투표율 10.4%…지난 총선보다 1%p 낮아,2024/04/10 10:42,"제22대 국회의원선거 투표일인 10일 오전 서울 용산구 중부기술교육원에 마련된 한남동 제3투표소에서 반려견이 유권자를 기다리고 있다. 2024.4.10. 뉴스1제22대 국회의원 선거(총선) 본투표일인 10일 오전 10시 기준 전국 평균 투표율이 10.4%로 나타났다. 이는 2020년 21대 총선의 동시간대 투표율 11.4%보다 1.0%포인트 낮은 수준이다.중앙선거관리위원회에 따르면 이날 오전 6시부터 진행한 투표에서 전체 유권자 4428만11명 가운데 461만155명이 투표를 마쳤다. 여기에는 지난 5∼6일 치러진 사전투표(투표율 31.28%)는 포함되지 않았다. 사전투표는 거소·선상·재외투표와 함께 오후 1시부터 공개되는 투표율에 합산한다.현재까지 투표율이 가장 높은 지역은 충남(11.9%)이고, 경남(11.8%), 경북(11.6%), 대전·강원(11.5%) 등이 뒤를 이었다. 투표율이 가장 낮은 곳은 8.7%를 기록한 광주다. 이어 세종(9.1%), 서울(9.3%), 전북(9.4%), 전남(9.7%) 등 순이었다. 대구·충북(11.4%)과 제주(11.1%)는 평균치를 웃돌았다.이날 투표는 오후 6시까지 전국 1만4259곳 투표소에서 실시된다. 유권자는 주민등록지 기준으로 지정된 투표소에서만 투표할 수 있으며, 주민등록증, 여권, 운전면허증 등 관공서 또는 공공기관이 발행한 신분증을 반드시 지참해야 한다. 내 투표소 위치는 각 가정으로 발송된 투표안내문 또는 투표소 찾기 연결 서비스(si.nec.go.kr) 등에서 확인할 수 있다.개표는 전국 254곳 개표소에서 오후 6시 30분경부터 시작될 전망이다. 부정선거 의혹 차단을 위해 수검표 제도가 처음 시행되면서 당선자 윤곽은 11일 오전 1~2시경 드러날 것으로 예상된다. 후보 간 격차가 큰 곳은 보다 빨리 당선자가 나올 수 있고, 박빙 지역은 시간이 더 소요될 것으로 보인다. 비례대표 당선자는 개표 종료 후 의석 산정 작업을 거쳐 11일 오전 5시가 지나야 결정될 전망이다.김소영 동아닷컴 기자 sykim41@donga.com"
예고된 공천 참사… 유튜브서 막말→강성층 업고 공천→검증 부실 ‘악순환’,2024/03/15 20:13,"정봉주 전 의원(왼쪽), 도태우 변호사 ⓒ 뉴스1여야가 ‘막말 리스크’ 파문 확산 우려에 도태우, 정봉주 후보의 공천을 전날 밤 급히 취소한 것을 두고 15일 정치권에선 “예고된 공천 참사”라는 평가와 함께 “‘제2의 도태우, 정봉주’가 얼마든지 추가로 나올 수 있다”는 지적이 나왔다. 이번 총선을 앞두고 유독 유튜브와 페이스북 등을 통해 강성 지지층만 공략하는 극단적인 정치 문화가 판을 친 가운데, 여야 지도부가 이를 방치하고 공천 과정에서도 부실하게 검증해 공천 취소로 이어지는 악순환이 나타났다는 비판이다.여야는 이번 총선을 앞두고 마련한 경선 과정에서 강성 지지층의 입김을 반영할 수 있는 통로를 이전 총선에 비해 강화했다. 더불어민주당의 경우 지난해 공천을 위한 현역 의원 평가 기준에 ‘디지털 소통 실적’을 신설한 것이 대표적이다. ‘의원 임기 시작 후 40개월 동안 올린 페이스북과 유튜브 등의 게시물이 1000건 이상이어야 만점을 받을 수 있다’는 조항이 생기면서 현역 의원들의 강성 정치 유튜브 출연이 급증했다. 이에 질세라 원외 인사들도 지지층 사이 인지도를 높이기 위해 정치 유튜브를 활용하기 시작했고, 심지어 출마 선언도 유튜브에서 했다. 부승찬 전 국방부 대변인은 1월 ‘이동형 TV’에서 “이재명 대표와 함께 윤석열 (대통령)을 끌어내리는 데 앞장서겠다”고 출마 선언을 한 뒤 경기 용인병 경선에서 현역 정춘숙 의원을 제치고 공천을 받았다.국민의힘도 당 텃밭인 서울 강남3구와 대구·경북, 강원, 부산·울산·경남에서만 당원 50%, 일반 국민 50%로 경선을 치렀다. 나머지 다른 지역은 일반 국민이 80%, 당원은 20%였다. 국민의힘은 “텃밭엔 당원 수가 많기 때문에 당원 조사로도 충분히 민심을 반영할 수 있다”고 설명했다. 하지만 ‘5?18민주화운동 북한군 개입설’ 발언과 ‘일베’ 게시글 공유 등이 논란이 돼 공천이 취소된 도 후보가도 대구 중-남에서 공천을 받은 점 등을 고려하면 민심보다 강성 보수 지지층 당원들의 당심이 과하게 반영된 것이 아니냐는 지적이 나온다. 여권 관계자는 “일반 여론조사도 성별, 연령 할당 없이 선착순으로 진행해 적극 지지층 혹은 동원자가 과표집됐다는 지적이 있었다”며 “결국 경선에서 강성 지지층 입김이 상당 부분 반영된 것”이라고 했다.채진원 경희대 공공거버넌스연구소 교수는 “양당 경선이 워낙 지지층 중심으로만 돌아가다 보니 다 같이 ‘막말 감수성’이 낮아진 탓에 정작 본선을 앞두고 중도층 표심을 고려하지 못한 것”이라고 지적했다.더불어민주당 경기 수원정 경선에서 원내대표 출신 비명(비이재명)계 3선 박광온 의원을 꺾고 공천을 받은 친명(친이재명)계 김준혁 후보는지난해 11월 페이스북에 자승 전 조계종 총무원장 입적과 관련해 “자승 죽음이 석연치 않다. 왜 자꾸 궁정동 안가가 생각나는지 모르겠다”라는 댓글을 달았다. 궁정동 안가는 박정희 전 대통령 때 10·26 사태가 벌어졌던 곳이다.민주당 관계자는 “괜한 음모론을 부추길 수 있는 데다, 불교계 심기를 건드릴 수 있는 위험한 발언”이라며 “당에서 ‘전통문화특위’까지 만들어 불교계에 오래 공을 들여왔는데 정봉주 전 의원의 ‘조계종 김정은’ 발언 논란에 이어 또 한번 공든탑이 무너지게 생겼다”고 우려했다. 특히 김 후보가 해당 글을 쓴 시점은 당 총선기획단이 “막말과 설화 등 부적절 언행에 대해 철저하게 검증하고 공천 심사에 반영하겠다”고 밝힌 지 일주일도 되지 않은 때였다. 결국 당의 ‘부실검증’ 탓이라는 비판이 나오는 배경이다.● 친명 양문석 “노무현은 불량품” 논란양문석 더불어민주당 경남지사 후보가 11일 오전 서울 여의도 국회 의원회관에서 열린 더불어민주당 제8회 전국동시지방선거 및 재보궐선거 통합선거대책위원회 출범식에서 인사말을 하고 있다. (공동취재) 2022.5.11 뉴스1김 후보 외에도 이재명 대표 강성 지지층과 함께 주로 비명계 경쟁자들을 향한 막말성 공격을 이어왔던 후보들을 둘러싼 논란이 이어지고 있다. 경기 안산갑 경선에서 친문(친문재인) 현역 전해철 의원을 꺾은 친명 양문석 후보는 “수박(겉은 민주당, 속은 국민의힘이라고 비하하는 표현) 뿌리를 뽑겠다”는 극언을 했다가 당직정지 3개월 징계를 받고도 공천장을 따냈다. 그는 친명 성향 유튜브에 출연해 “민주당 내 수박들 바퀴벌레들” 등의 혐오 발언도 했다.2008년 광우병 파동 땐 노무현 전 대통령에 대해서도 원색적 비난을 쏟아냈던 사실이 뒤늦게 다시 알려지면서 당 내 반발도 거세지고 있다. 양 후보는 당시 한 온라인 언론사에 ‘이명박과 노무현은 유사불량품’, ‘미친 미국소 수입의 원죄는 노무현’ 등의 제목의 칼럼을 게재했다. 그는 해당 글에서 ‘한미 자유무역협정(FTA)을 밀어붙인 노 전 대통령은 불량품’이라고 비하하는가 하면, 노 전 대통령 지지자들에 대해서도 “노무현 씨에 대해 ‘찬양’하는 일부 기억상실증 환자들”이라고 표현했다. 노무현재단 이사장을 맡고 있는 정세균 전 국무총리는 통화에서 “노무현 정신을 부정하는 사람을 후보로 공천하는 것을 좌시할 수 없다는 입장을 민주당 지도부에 전달했다”고 했다. 이 대표는 이날 울산에서 양 후보의 막말 논란에 대한 입장을 묻는 질문에 “여러분 반갑습니다”라고 동문서답으로 답했다.이밖에 서울 은평을 경선에서 비명계 현역인 강병원 의원을 꺾고 승리한 친명계 김우영 후보도 과거 유튜브에서 강 의원을 겨냥해 “나이도 어린 놈의 자식”이라고 지칭하는가 하면, 페이스북엔 강 의원 등 비명계 실명을 적고 영화 ‘서울의 봄’ 대사를 일부 인용해 “전차를 몰고 저 비겁자들의 대가리를 뽀개버리자”라고 썼다. 강 의원은 올해 1, 2월 두 차례에 걸쳐 당 공천관리위원회에 김 후보의 막말 및 증오발언에 대한 조치를 요구했으나 사실상 묵살당한 사실이 뒤늦게 알려지면서 공관위가 알고도 묵인했다는 비판이 거세지고 있다.● 막말 논란 친윤 장예찬, 청년최고위원→ 공천장예찬 전 국민의힘 청년최고위원이 지난 1월 9일 오전 서울 여의도 국회 소통관에서 기자회견을 갖고 제22대 국회의원선거 출마선언을 하고 있다. 뉴스1국민의힘에서 ‘막말 논란’을 일으킨 인사들도 이미 과거부터 여러 차례 같은 지적을 받아왔다는 점에서 “당 지도부가 익히 알고도 강성 지지층 여론만 의식해 눈 감아줬다”는 지적이 나온다.대구 중-남 공천이 취소된 도태우 후보는 극단적 발언을 이어온 대표적인 인물이다. 2019년 8월 태극기집회에서 문재인 당시 대통령을 향해 “문재인의 기이한 행동을 볼 때 죽으면 그만하는가 하는 상상을 해보게 된다”고 했고, 2019년 2월 유튜브에선 “(5·18에) 북한 개입 여부가 문제된다라는 것이 사실은 상식”이라고도 했다.막말 논란이 이어지는 장예찬 후보(부산 수영) 역시 당 지지층이 선호하는 강성 발언을 토대로 인지도를 높여왔다. 그는 지지층 내 인기를 토대로 지난해 청년최고위원에 당선됐고 이번 경선에서 현역 전봉민 의원(초선)을 꺾고 공천장을 따냈다. 장 후보는 이날도 “남자들은 룸(룸살롱) 두 번 갈 거 한 번만 가면 몇 명을 후원할 수 있는 거냐. 여자들은 백 좀 작작 사시고”라는 등의 과거 막말이 드러나 부산시의회에서 기자회견을 열고 재차 사과했다. 당 공관위 관계자는 “장 후보의 문제성 발언은 이미 알려져 있던 것”이라며 “지역 내 장 후보 지지율이 워낙 높은 게 (공천 취소 등 조치 여부 결정에) 영향을 미치고 있다“고 했다.개혁신당도 막말 파문이 불거지자 충남 보령-서천의 이기원 후보에 대한 공천을 취소했다. 이 후보는 2017년 위안부 소녀상에 대해 “할머니가 강간당한 사실을 대자보로 붙여 놓는 꼴”이라고 발언했다.김지현 기자 jhk85@donga.com조권형 기자 buzz@donga.com"
"국민의힘, 지역구 공천 접수자 총 847명…경쟁률 3.35대 1",2024/02/03 21:16,"다음주, 예비 후보 경쟁력 평가·여론조사 시작공천신청자, 경기 228명으로 가장 많아하남, 최대 경쟁률 ‘11대 1’ 기록전북·전남, 선거구보다 신청자 적어국민의힘은 제22대 국회의원선거 지역구 공천 신청자 접수 결과, 총 847명이 접수했다고 밝혔다. 접수가 마감 됨에 따라 다음주부터 예비 후보자들에 대한 경쟁력 평가와 여론조사가 시작된다.3일 오후 국민의힘에 따르면 지난달 29일부터 이날까지 6일간 진행된 공천 접수 결과, 지역구 공천 신청자 접수는 총 847명, 전체 선거구 기준 경쟁률은 3.35대 1을 기록했다.국민의힘 측은 “지난 2020년 제21대 공천 접수 시 미래통합당 공천 접수에 647명이 신청한 것과 비교했을 때, 1.31배 늘어났다”고 설명했다.지역별로 공천 신청자가 가장 많은 곳은 경기였다. 경기 59개 선거구에 228명이 신청했다. 평균 경쟁률은 3.86대 1로 나타났다. 특히 하남의 선거구는 11명이 지원해 11대 1의 가장 높은 경쟁률을 보였다.시도 중 경쟁률이 가장 높은 곳은 세종이며 2개 선거구에 12명이 신청해 경쟁률 6대 1을 기록했다.서울은 49개 지역구에 156명이 접수해 3.18의 경쟁률을 기록했다. 부산은 18개 선거구에 77명이 접수해 4.27대 1의 경쟁율을, 대구는 12개 선거구에 44명이 신청해 경쟁율 3.66대 1의 경쟁율로 나타났다.인천은 3.53대 1, 대전 2.42대 1, 울산 2.73대 1, 강원 2.62대 1, 충북 3.12대 1, 충남 3.09대 1, 경북 5.15대 1, 경남 4.68대 1, 제주 2대 1의 경쟁율을 각각 기록했다.전북과 전남은 선거구보다 적은 공천자 신청이 있었다. 전북은 10개 선거구에 7명만 신청해 0.7대 1의 경쟁율을 기록했고, 전남은 10개 선거구에 8명이 접수해 0.8대 1의 경쟁율로 집계됐다.세부적으로 여성은 113명 신청해 전체의 13.34%를 차지했다. 제21대 공천 접수 당시 여성의 비율은 11.59%(75명)이었다. 지난번 대비 38명, 1.75%p 증가했다.만 45세 미만 청년은 총 80명이 신청해 전체의 9.45%로 나타났다. 이는 경선시 청년에 대한 가산점을 부과한 영향으로 풀이된다. 국민의힘 공천관리위는 만 45세 미만 청년에게는 경선 시 득표율의 최대 20% 가산점 제도를 운영하고 있다.접수가 마감됨에 따라 국민의힘은 공천 신청자에 대한 부적격 심사와 경쟁력 평가 여론조사가 진행될 예정이다.앞서 공관위는 신 4대악 범죄와 4대 부적격 비리 기준을 발표하며 이에 해당하는 신청자는 원천 배제하기로 결정했다. 예비후보자들에 대한 면접심사는 설 명절 이후인 오는 13일부터 지역별로 실시한다.이후 경선, 단수추천, 우선추천지역 등 심사 내용을 차례로 발표할 계획이다. 국민의힘은 서울과 경기 등 수도권에서 ‘험지’로 분류되는 지역부터 후보를 확정한다는 방침이다.한편, 제22대 국회의원 선거와 함께 치러지는 경남 밀양시장 보궐 선거에는 6명이 공천을 신청했다.[서울=뉴시스]"
"선방위, 날씨 보도에 ‘파란색 1’ 쓴 MBC에 관계자 징계 의결",2024/04/04 17:06,"지난 2월 27일 MBC 뉴스데스크 일기예보 보도 화면. 2024.2.29. MBC뉴스데스크 방송화면 캡처일기예보에 파란색 숫자 ‘1’ 그래픽을 사용한 ‘MBC 뉴스데스크’에 대해 제22대 국회의원선거 선거방송심의위원회가 법정 제재 중에서도 수위가 높은 ‘관계자 징계’를 4일 의결했다.앞서 MBC 뉴스데스크는 지난 2월 27일 방송 말미 기상캐스터가 당일 미세먼지 농도가 1㎍/㎥까지 떨어졌다는 소식을 전하는 과정에서 파란색 숫자 1 그래픽을 사용했다. 국민의힘은 해당 화면이 더불어민주당을 연상시켜 선거방송심의규정 공정성 및 사실보도 조항 위반에 해당한다며 방송통신심의위원회에 제소했다. 국민의힘 한동훈 비상대책위원장도 “그간 민주당에 편향된 방송을 해온 MBC지만 이건 선을 넘은 것”이라고 비판했다.선방위는 4일 서울 양천구 목동 방송회관에서 회의를 열고 해당 방송분에 다수결로 ‘관계자 징계’를 의결했다. 선방위 결정은 ‘문제없음’, 행정지도 단계인 ‘의견제시’와 ‘권고’, 법정제재인 ‘주의’, ‘경고’, ‘프로그램 정정·수정·중지 및 관계자 징계’, ‘과징금’ 등으로 구분된다. 법정제재부터는 방송사 재허가·재승인 시 감점 사유로 적용돼 중징계로 인식된다.이날 회의에서는 다수 위원들이 해당 보도가 문제가 된다는 의견을 냈다. 권재홍 위원은 “당일 서울 시내 평균 미세먼지 농도가 1도 아니어서 뉴스 가치가 없는데 1을 부각했다”고 지적했다. 임정열 위원도 “순수한 날씨 정보였다면 1 옆에 ‘미세먼지 농도’라고 자막이나 단위를 표시했어야 한다”고 말했다. 김문환 위원도 “선거운동 기간 미디어가 전하는 내용은 유권자에게 중대한 영향을 미친다”고 밝혔다.의견 진술에 참석한 박범수 MBC 뉴스룸 취재센터장은 “가벼운 날씨 보도에 대해 정치 프레임을 씌워 공격한 것을 선방위에서 정색하고 심의할 사안이라고 생각하지 않는다”며 “심의 자체가 언론 탄압의 요소가 있다”고 반박했다. 이어 “편파 보도는 매섭게 질책해야 하지만 이 날씨 보도가 그에 해당한다고 하는 건 국민 수준을 너무 낮게 보는 것”이라고 주장했다.심재흔 위원도 “한 위원장도 지금은 자신의 발언(날씨 보도에 대한 비판)을 후회하고 있을 것”이라며 “이런 문제가 자꾸 표면화되니 언론 탄압한다는 뉴스가 나온다”는 소수 의견을 제시했다. 이에 백선기 위원장은 “(MBC 측이) 정치적 의도가 전혀 없었다 할지라도 민원이 제기됐다. 사후에라도 문제 됐으면 선방위는 심의를 해야 한다”며 “향후 뉴스 제작에 반영했으면 한다”고 말했다.김소영 동아닷컴 기자 sykim41@donga.com"
대전서도 사전투표소 2곳에서 불법 카메라 발견,2024/03/30 19:07,22대 국회의원 총선거를 앞두고 경남 양산과 인천의 사전투표소 9곳에서 불법 카메라가 발견돼 경찰이 조사를 벌이고 있는 가운데 29일 대전 서구 갈마2동 행정복지센터에 설치될 사전투표소에서 서구청 직원들이 불법 카메라 탐지기계로 점검하고 있다. 2024.3.29/뉴스1대전에서도 제22대 국회의원선거 사전투표소 2곳에서 불법 카메라가 발견됐다.30일 대전시선거관리위원회와 대전경찰청에 따르면 사전투표소에 불법 카메라를 설치한 40대 유튜버 한 모 씨를 수사하던 중 한 씨가 대전지역에서도 불법 카메라를 설치한 것으로 확인됐다.인천 논현경찰서로부터 이 사실을 전달받은 경찰은 전날 오후 4시 대전선관위와 합동 조사를 실시해 대전 중구 문화1동 2층 복도와 유천2동 복도에서 불법 카메라를 발견해 회수 조치했다.불법 카메라를 설치한 40대 유튜버 한 모 씨는 평소 개표기 조작과 대리 투표 등 부정선거 의혹을 제기해 온 극우 성향 유튜버인 것으로 파악됐다. 한 씨는 경찰 조사에서 “사전투표율 조작 등 부정선거를 감시하기 위해 설치했다”고 진술했다.그는 2022년 대선과 지난해 10월 치러진 서울 강서구청장 보궐선거 때도 한 사전투표소에 카메라를 설치해 촬영했던 것으로 드러났다. 한 씨는 당시 촬영한 영상을 토대로 자신이 운영하는 유튜브 채널에서 부정선거 의혹을 제기했다.대전경찰은 피의자 진술과 증거자료를 토대로 본청 및 전국 경찰서와 공조해 수사할 방침이다.송치훈 동아닷컴 기자 sch53@donga.com
[온라인 라운지]국토 최남단 마라도에서 투표참여홍보 캠페인,2024/04/04 16:06,"제주특별자치도선거관리위원회는 전농로벚꽃축제, 서귀포유채꽃축제 캠페인에 이어 제22대 국회의원선거 등 사전투표를 앞두고 4. 4.(목) 대한민국 최남단인 마라도에서 지역주민과 관광객을 대상으로 투표참여를 홍보하는 캠페인을 실시했다.크게보기제주특별자치도선거관리위원회 직원들이 마라도 ‘대한민국최남단기념비’ 앞에서 투표참여 캠페인을   펼치고 있다. 제주특별자치도선거관리위원회 제공크게보기최혁중 기자 sajinman@donga.com"
‘62.8%’ 역대급 재외선거 투표율…여야 어느 쪽 웃을까,2024/04/02 17:47,"제22대 국회의원선거 재외국민 투표 첫날인 27일(현지시간) 프랑스 파리 주프랑스한국대사관 영사부에 설치된 재외투표소에서 유권자가 투표하고 있다. 2024.3.27/뉴스122대 총선 재외선거 최종 투표율이 62.8%로 역대 최고치를 경신했다. 윤석열 정권이 들어선 이후 처음 치러진 재외선거인 만큼 관심도가 높아진 것으로 보인다.선관위에 따르면 지난달 27일부터 이달 1일까지 115개국 220개 투표소에서 재외투표를 진행한 결과 투표자 수는 9만2923명, 최종투표율은 62.8%로 집계됐다.선관위에 따르면 이번 총선 재외선거의 재외유권자 수는 총 14만7989명(국외부재자 11만 9897명, 재외선거인 2만 8092명)이다.재외선거는 지난 2012년 제19대 총선부터 도입됐는데, 투표율이 60%대를 넘긴 것은 이번이 처음이다. 역대 투표율은 19대 45.7%, 20대 41.4%였으며, 21대는 23.8%였다.21대 총선의 경우 코로나 바이러스 감염증(코로나19)으로 59개국 91개 재외공관에서 선거 사무가 중단돼 절반가량의 재외국민만 투표할 수 있었고, 저조한 투표율을 기록했다.코로나19 이후 정상적으로 치러진 선거인 데다, 윤석열 정권 들어 처음 진행된 재외선거인 만큼 뜨거운 관심을 보인 것으로 분석된다.선관위 관계자는 “지난 19대 5만 6456명, 20대 6만 3797명에 비하며 투표자 수가 크게 늘었다”며 “유권자들이 이번 총선에 대한 관심도가 높아진 듯하다”고 말했다.통상적으로 재외투표율이 높을수록 진보정당에 유리하다. 이번에 역대급 투표율을 기록한 만큼 민주당에 유리할 거라는 관측도 나온다.지난 2022년 치러진 20대 대선 결과를 보면 이번 총선에서도 야권에 유리할 가능성이 높다. 재외투표 개표결과 이재명 민주당 후보가 8만 8397표(59.77%)를 얻어 윤석열 당시 후보(5만 3524표, 36.19%)를 제친 바 있다.이재명 민주당 대표도 “여러 번거로움과 어려움을 이겨낸 역대급 재외선거 투표율, 정권 심판과 새 나라에 대한 열망의 목소리”라며 사전투표를 독려했다.박상병 정치평론가는 통화에서 “재외선거의 경우 국내 정치에 관심이 있는 사람들이 투표를 한다”며 “이종섭 호주대사 사태를 비롯해 외교 문제 등에서 심판 여론이 있을 것”이라고 내다봤다.엄경영 시대정신연구소장도 통화에서 “조국혁신당 바람으로 야권 지지층이 결집하면서 투표율이 높아진 것으로 보인다”며 “보수층의 역결집도 있겠지만 상대적으로 야당에 유리할 수 있다”고 했다.반면, 신율 명지대 교수는 “투표자 수가 9만여 명밖에 되지 않아 총선 결과에 미칠 영향은 미미할 것”이라고 했다.재외선거의 높은 투표율이 최종적으로 높은 투표율로 직결될지는 미지수다. 지난 19, 20대 총선의 경우 최종투표율이 재외선거 투표율보다 15%p 이상 높았다.엄 소장은 “이번 총선에 대한 관심도가 높아졌지만 아직 2030 세대는 반응하지 않고 있다”며 “지난 총선 투표율(66.2%)을 넘길 수 있을지는 지켜봐야 한다”고 말했다.한편, 국외부재자의 경우 국내에 주민등록, 거소등록이 돼 있는 전근자나 유학생 등으로 본인이 등록된 지역구 국회의원까지 뽑을 수 있다. 반면 해외 영주권을 가지는 등 주민등록이 돼 있지 않은 재외선거인은 비례대표 정당만 뽑을 수 있다.(서울=뉴스1)"
인천 사전투표율 30.06% 역대 최고…최종 70% 넘어 하위권 탈출 기대,2024/04/09 17:44,"제22대 국회의원선거를 하루 앞둔 9일 오전 경기도 과천시 중앙선거관리위원회 상황실에서 직원이 제22대 국회의원선거 관내 사전투표함과 우편투표함 보관장소 CCTV를 살펴보고 있다. 2024.4.9 뉴스122대 총선 인천의 사전투표율이 역대 총선 최고치를 경신하면서 최종 투표율이 70%를 넘어설지 관심이 쏠린다.9일 인천시선거관리위원회에 따르면 오는 10일 오전 6시부터 오후 6시까지 22대 국회의원을 뽑는 선거가 일제히 실시된다. 인천지역은 총 738개 투표소에서 투표할 수 있다.인천 유권자 258만 2765명 중 77만 6408명은 지난 5~6일 사전투표에 참여해 30.06%의 사전투표율을 기록했다. 이는 지난 20대 총선 당시 10.81%에 비해선 19.25%p 높고, 기존 최고 기록이었던 21대 총선 24.75%보다도 5.31%p 높은 역대 총선 최고치다.그러나 전국 평균 31.28%보다 1.22%p 낮고 순위도 전국 17개 시·도 중 13위에 머물렀다. 이 같은 투표율 저조는 최근 6번의 총선에서 고스란히 드러났다.지난 16대 총선 인천 투표율은 전국 평균 57.2%보다 3.8% 밑도는 53.4%로 전국 16개 시·도 중 15위에 머물렀다. 17대(57.4%)·18대(42.5%) 총선에서도 순위는 변동이 없었으며 19대(51.4%)에는 더 떨어져 17개(세종시 포함) 시·도 중 꼴찌를 기록했다.20대(55.6%)에는 14위를 차지해 소폭 반등했지만 21대(63.2%) 때 다시 15위로 1계단 내려갔다.지역 정가는 이번 총선 인천지역 최종 투표율은 70% 안팎이 될 것으로 분석한다.민주당을 비롯한 범야권이 내세우는 ‘정권 심판론’과 국민의힘의 ‘이·조(이재명·조국) 심판론’ 격돌이 강해 다른 총선 때보다 더 많은 유권자들을 투표소로 끌어들일 수 있다는 얘기다. 다만 인천 투표율이 전국 평균보다 높게 나올지는 미지수다.정가의 한 인사는 “현재의 총선 이슈는 인천만의 이슈가 아닌 전국적 현상”이라며 “인천만의 큰 이슈가 없는 한 인천 투표율이 상위권으로 도약하기 힘들어 보인다”고 말했다.이어 “이번 사전투표율이 21대 총선 24.75%보다 5.31%p 높아 최종 투표율은 70% 가까이 될 것으로 예상된다”고 말했다.선거일 투표는 주민등록지를 기준으로 선거인별 지정 투표소에서만 가능하다. 지정 투표소 위치는 각 가정에 발송된 투표안내문 또는 투표소 찾기 연결 서비스, 지방자치단체의 ‘선거인명부 열람시스템’에서 찾을 수 있다.선거인은 투표 안내문에서 투표 시간과 장소를 확인한 뒤 함께 기재돼 있는 선거인명부 등재 번호를 메모해 가면 신속·정확하게 본인 확인을 할 수 있다.투표할 땐 본인 확인을 위한 신분증(모바일 신분증 포함)을 반드시 갖고 가야 한다. 주민등록증, 여권, 운전면허증, 청소년증 및 각급 학교 학생증 등 관공서 또는 공공기관이 발행한 신분증명서로서 생년월일이 기재되고 사진이 포함돼 본인임을 확인할 수 있어야 한다.모바일 신분증(모바일 운전면허증, 모바일 국가자격증 등)의 경우 투표에 앞서 앱 실행 과정 및 사진, 성명, 생년월일을 확인하며, 화면 캡처 등을 통해 저장한 이미지 파일은 신분증으로 인정되지 않는다.(인천=뉴스1)"
"與, ‘이대생 미군 성상납’ 발언 김준혁·옹호한 조상호 고발",2024/04/04 15:29,"제22대 국회의원선거 수원정에 출마한 김준혁 더불어민주당 후보가 14일 오후 경기도 수원시 영통구 경기도의회 브리핑룸에서 열린 수원 지역 후보 합동 공약 발표 기자회견에서 발언을 하고 있다. 2024.3.14. 뉴스1국민의힘은 4일 ‘이화여대생 성 상납’ 발언으로 논란을 일으킨 더불어민주당 김준혁 후보(경기 수원정)와 김 후보를 옹호한 민주당 조상호 법률위원회 부위원장을 명예훼손 혐의로 대검찰청에 고발했다.국민의힘 중앙선거대책위원회 클린선거본부는 이날 언론 공지를 통해 “국민의힘과 이화여대 출신 김정재 의원은 오늘 김 후보와 조 부위원장을 각각 정보통신망 이용 촉진 및 정보보호법 위반(명예훼손) 혐의로 검찰에 고발했다”고 밝혔다.앞서 김 후보는 2022년 8월 한 유튜브에서 “(김 총장이) 미군정 시기에 이화여대 학생들을 미군 장교에게 성 상납시켰다”고 말한 사실이 뒤늦게 알려져 이화여대 측의 반발을 샀다. 김 후보는 지난 2일 논문과 기사 등을 근거로 반박에 나섰지만, 민주당이 사과를 권고하자 “상처를 입힌 점에 깊은 사과를 드린다”며 고개를 숙였다.그러나 사과 하루 만인 3일 조 부위원장이 김 후보를 옹호하고 나섰다. 그는 한 방송에 나와 김 후보 발언에 대해 “역사학자가 역사학자로서 역사적 사실에 대해 언급한 것”이라면서 “김활란 초대 이화여대 총장이 총재로 있던 ‘낙랑클럽’이 실제 매춘과 유사 매춘에 이용됐다는 측면에서 여러 묘사가 나온다”고 주장했다.클린선거본부는 “김 후보가 논문을 근거로 ‘김활란이 성 접대를 주도했다는 기록이 있다’고 반박했으나, 해당 논문에는 ‘성 상납’, ‘성 접대를 주도했다’는 표현이 발견되지 않았다”며 “김 후보가 별다른 근거 없이 허위 사실을 발언해 이대 재학생과 졸업생의 명예를 훼손했다”고 지적했다.이어 조 부위원장에 대해선 “김 후보를 옹호해 이대 재학생과 졸업생의 명예를 2차 침해했다”며 “민주당 지도부 요청으로 김 후보가 사과한 척했으나, 민주당 법률전문가라는 조 부위원장의 발언으로 민주당의 끝없는 여성 인권 유린 등 적나라한 정체가 온 국민에게 드러났다”고 꼬집었다.국민의힘 박정하 중앙선대위 공보단장도 이날 논평에서 “민주당 후보들의 성인지 감수성은 처참함을 넘은 수준의 바닥을 드러냈다”고 지적했다.한편 60개 여성단체로 구성된 ‘찐(眞)여성주권행동’은 이날 오전 11시 경기 수원시 영통구 김 후보 선거 사무실 앞에서 기자회견을 열고 김 후보의 사죄를 촉구했다. 이어 오후 2시에는 여성단체 전국여성포럼 회원들이 김 후보 사무실 앞을 찾아 피켓 시위를 벌였다. 이날 오후 5시에는 이대 졸업생·재학생들이 이대 대강당에서 김 후보 규탄 집회를 연다.김소영 동아닷컴 기자 sykim41@donga.com"
인천시 사전투표소서 불법 카메라 발견…시·선관위 전수조사,2024/03/28 20:21,기사 사건과 무관한 사진. 제22대 국회의원선거 재외국민 투표 첫날인 27일(현지시간) 프랑스 파리 주프랑스한국대사관 영사부에 설치된 재외투표소에서 유권자가 투표하고 있다. 2024.3.27/뉴스1인천시 내 사전투표소에 불법으로 설치된 카메라가 여러 대 발견돼 인천시와 인천시 선거관리위원회가 조사 중이다.28일 인천시 선관위에 따르면 남동구와 계양구에서 사전투표소로 지정된 행정복지센터 5곳에서 불법 카메라가 발견됐다. 이 카메라들은 사전투표함을 촬영하는 각도로 설치돼 있던 것으로 알려졌다.인천시 선관위 관계자는 “불법으로 추정되는 카메라가 발견됐다”며 “현재 사전투표소를 인천시 관계자 등과 전수 조사 중”이라고 했다. 점검 대상 사전투표소는 인천 10개 군·구 159개소다.최근 경남 양산시 내 사전투표소로 지정된 행정복지센터에서도 불법 카메라가 발견돼 행정안전분가 전국 지방자치단체에 긴급 점검을 요청하기도 했다. 행안부는 오는 29일까지 점검 현황을 파악해 대책을 마련할 방침이다.이예지 동아닷컴 기자 leeyj@donga.com
"행안부, 사전투표소 최종 현장 점검…불법카메라 탐지도",2024/04/04 15:13,"제22대 국회의원선거 사전투표를 하루 앞둔 4일 서울 강남구 삼성2동 주민센터에 마련된 사전투표소에서 선거관리위원회 관계자가 카메라탐지기와 금속탐지기를 이용해 불법카메라 설치 점검을 하고 있다. (공동취재) 뉴스1정부가 제22대 국회의원 선거 사전투표를 하루 앞두고 최종 현장 점검에 나섰다.행정안전부에 따르면 이상민 행안부 장관은 4일 서울 종로구 사직동 주민센터에 마련된 사전투표소를 방문했다.이 장관은 기표소 및 투표함 설치 상태, 장애인을 위한 투표 편의시설 등 투표소 시설 전반을 점검했다.특히 최근 일부 사전투표소에서 불법카메라가 발견된 만큼, 전문 탐지장비를 활용해 불법카메라 설치 여부에 대한 점검도 진행했다. 앞서 경찰은 전국 3565곳 사전투표소 중 36곳에서 불법카메라를 적발해 수사를 진행 중이다.이 장관은 이날 사전투표 모의시험을 참관하고 신분증 확인, 투표용지 발급 등 사전투표 준비 상황을 확인했다.이 장관은 “불법카메라 설치는 선거의 공정성을 해치는 중대한 범죄행위”라며 “국민께서 안심하고 투표에 참여할 수 있도록 선거 준비에 만전을 기하고, 남은 선거기간 사전투표소뿐 아니라 투표소와 개표소도 꼼꼼히 점검해 달라”고 당부했다.이번 총선 사전투표는 오는 5, 6일 이틀간 진행된다. 투표 시간은 오전 6시부터 오후 6시까지다. 선거권이 있는 사람이면 누구나 신분증을 지참한 뒤 가까운 읍·면·동주민센터 등에 마련된 사전투표소에서 투표할 수 있다.이혜원 동아닷컴 기자 hyewon@donga.com"
"한국여성단체협 “‘성상납 발언’ 김준혁, 후보 사퇴 안하면 고발”",2024/04/02 15:25,"제22대 국회의원선거 수원정에 출마한 김준혁 더불어민주당 후보가 14일 오후 경기도 수원시 영통구 경기도의회 브리핑룸에서 열린 수원 지역 후보 합동 공약 발표 기자회견에서 발언을 하고 있다. 2024.3.14. 뉴스1한국여성단체협의회가 2일 ‘이화여대생 미군 장교 성 상납 발언’으로 논란에 휩싸인 더불어민주당 김준혁 후보(경기 수원정)를 향해 사퇴를 촉구했다.협의회는 이날 성명을 내고 “명확한 근거도 없이 이화여자대학교 초대 총장이자 협의회 초대 회장이었던 김활란 박사와 이화여대, 재학생 및 졸업생 전체는 물론 대한민국 여성의 명예를 심각하게 훼손한 김 후보를 강력히 규탄한다”고 밝혔다.협의회는 “김 후보는 2022년 8월 ‘김활란 초대 회장이 미군정 시기 이화여대 학생들을 미군 장교들한테 성 상납시켰다’는 발언을 했다”며 “저급한 언행으로 역사를 왜곡하고 대한민국의 모든 여성에게 치욕감과 모욕감을 줬다. 국회의원 후보라는 사람이 할 말과 하지 말아야 할 말 정도는 구별할 줄 아는 양식을 가져야 되지 않겠나”라고 비판했다.이어 김 후보를 향해 “김활란 박사와 이화여대에 관한 발언에 대해 즉시 한국여성단체협의회와 이화여대, 대한민국 여성들에게 사과하고 즉각 후보에서 사퇴할 것을 강력히 요구한다”고 목소리를 높였다. 그러면서 “만일 이 요구가 받아들여지지 않을 경우 협의회 500만 회원들은 김준혁 후보를 명예훼손으로 고발할 것”이라고 강조했다.앞서 김 후보는 지난 2022년 8월 한 유튜브 채널에서 “종군 위안부를 보내는 데 큰 역할을 한 사람이 바로 김활란”이라며 “미군정 시기에 이화여대 학생들을 미군 장교들에게 성 상납시켰다”고 주장했다.해당 발언이 뒤늦게 논란이 되자 김 후보는 2일 페이스북을 통해 “5~6년 전 유튜브에 출연해 나눴던 발언을 꼬투리 삼아 앞뒤 다 자르고 성(性)과 관련된 자극적인 부분만 편집해 저와 민주당 전체를 매도하고 있다”면서 “제 주장은 친일 인사들의 문제가 되는 행적, 특히 우리나라 여성들의 인권을 유린하고 성 착취를 강요했던 숨겨진 아픈 역사를 제대로 알자는 것”이라고 반박했다.김소영 동아닷컴 기자 sykim41@donga.com"
"“남자들 룸 한번만, 여자들 백 작작”…‘막말 논란’ 장예찬 재차 사과 “100번 후회”",2024/03/15 14:44,"장예찬 전 국민의힘 청년최고위원이 지난 1월 9일 오전 서울 여의도 국회 소통관에서 기자회견을 갖고 제22대 국회의원선거 출마선언을 하고 있다. 뉴스1부산 수영구 공천을 받은 국민의힘 장예찬 후보가 과거 부적절한 발언이 잇따라 도마 위에 오르자 “다시금 국민 여러분께 진심으로 고개 숙여 사죄드린다”고 재차 사과했다.15일 장 후보는 페이스북을 통해 “10여 년 전, 25세 무렵 페이스북에 남겼던 글들이 국민께 심려를 끼치고 있다. 대부분 이전에 삭제한 것이지만 캡처된 사진이 남아 논란을 일으키게 된 점을 무거운 마음으로 사과드리고 싶다”고 밝혔다.앞서 장 후보는 2014년 페이스북에 “매일 밤 난교를 즐기는 사람이라도 맡은 직무에서 전문성과 책임성을 보이면 프로로서 존경받을 수 있는 사회가 건강한 사회”라고 쓴 사실이 알려져 논란이 일자 12일 사과했다.하지만 이후에도 10여 년 전 작성한 페이스북 글이 재차 논란이 됐다. 그는 “동물병원 폭파하고 싶다”, “(서울시민의) 교양 수준이 일본인의 발톱 때만큼이라도 따라갈 수 있을까 싶다”, “(한국컴패션) 추가 후원 결심. 남자들은 룸(룸살롱) 두 번 갈 거 한 번만 가면 몇 명을 후원할 수 있는 거냐. 여자들은 백 좀 작작 사시고”, “책값 아깝다고 징징거리는 대학생들이 제일 한심하다”고 적었다.또 관광지에서 사진 찍는 여성을 두고 “그렇게 수십 장을 찍어봐야 못생긴 얼굴이 예쁘게 나오지 않는다”는 글을 올리기도 했다.장 후보는 이날 “어려운 아이들에게 후원을 독려하면서 쑥스러운 마음에 일부러 강한 표현을 썼고, 아르바이트를 하며 여러 민원에 시달리다 부적절한 표현을 남기기도 했다”며 “당시에는 방송 등의 공적 활동을 하기 전이고, 지금과 달리 소수의 친구만 있던 사적 공간이라 치기 어린 표현을 가볍게 남겼다”고 해명했다.이어 “정치와 사회에 불만도 많고, 하고 싶은 말도 많은 20대였으나 정제된 표현으로 자신을 다듬을 줄 몰랐다. 당시 페이스북 글을 가까운 친구가 아닌 사람들이 보게 될 거라는 생각도 하지 못했다”며 “돌아보면 20대 초중반 시절의 제 언행이 너무 부끄럽고 죄송스럽다. 아무리 어렸을 때라도 더 신중하고 성숙했으면 어땠을까 10번 100번 후회하고 있다”고 했다.그러면서 “저는 여전히 부족한 사람이지만 방송 활동을 시작하고는 생각과 발언을 정제하기 위해 노력해 왔다. 어느 방송에서도 20대 초중반 때와 같은 생각을 한 적도, 발언을 하지도 않았다”며 “앞으로 제가 우리 사회를 위해 어떤 봉사를 하게 되더라도 철없는 20대 시절을 거울삼아 철저하게 낮은 자세로 신중하고 성숙한 모습을 보이겠다”고 덧붙였다.한편 장 후보를 둘러싼 ‘막말 논란’이 이어지자 국민의힘 장동혁 사무총장은 이날 오전 서울 여의도 중앙당사 출근길에 기자들과 만난 자리에서 “발언 내용이나 문제 되는 지점, 국민에게 어떻게 받아들여지는지, 보도에 대한 후보자 입장 등 여러 사정을 고려하면서 지켜보겠다”고 했다.이혜원 동아닷컴 기자 hyewon@donga.com"
"나경원 “정부, 의료계와 의대증원 논의해야…민심 순응할 차례”",2024/03/30 12:23,"제22대 국회의원선거 서울 동작을에 출마한 나경원 국민의힘 후보가 29일 오전 서울 동작구 성대시장에서 지지를 호소하고 있다. 2024.3.29/뉴스1국민의힘 공동선거대책위원장인 나경원 동작을 후보는 30일 “의대 증원 문제와 관련해 정부와 의료계는 모든 의제를 협상테이블에 올려놓고 새롭게 논의를 시작해야 한다”고 촉구했다.나 후보는 이날 페이스북을 통해 “용감하게 쓴소리하겠다. 제2의 이종섭 대사 문제는 앞으로 없을 것”이라며 이같이 밝혔다. 의정 갈등이 수도권 지지율에 악영향을 주자 정부를 향해 태도 변화를 주문하고 나선 것이다.그는 “의료 현장 공백부터 해소해야 한다”며 “국민은 이미 정부의 의지를 충분히 확인했다. 그다음으로 국민은 정부의 유연한 태도를 기다리고 있다. 민심에 순응할 차례”라고 강조했다.나 후보는 또 “국민의 불안과 피로가 무섭게 쌓이고 있다”며 “민심에 따라 바뀔 수 있어야 하는 것이 정치”라고 했다.그러면서 “왜 이렇게까지 됐을까. 왜 여기까지 와야 했을까. 무거운 마음으로 국민의힘을 돌아보게 된다”며 “국민의 실망과 질타를 적극적으로 정부에 전달하고 변화를 주도하는 역할에 충실하지 못했다”고 전했다.나 후보는 “그러나 이대로 극한의 갈등과 대립을 예고하는 민주당과 조국혁신당에 22대 국회를 통째로 넘길 수는 없다”며 “국민의힘도 참 못났지만, 민주당과 조국혁신당은 위험하다”고 말했다.이어 “이재명 대표, 조국 대표의 사적 원한에 나라 운명을 맡길 수는 없다. 민생과 경제가 더 힘들어질 것”이라며 “국민께 간곡히 부탁드린다. 최소한의 힘만이라도 허락해 주셨으면 한다”며 지지를 호소했다.(서울=뉴스1)"
선거 공소시효는 6개월인데 쏟아진 고소·고발…“제대로 수사 가능할까”,2024/04/09 17:46,"제22대 국회의원선거 본투표를 하루 앞둔 9일 오후 서울 종로구 삼일대로 종로 1234가동 주민센터에 마련된 투표소에서 관계자들이 막바지 점검을 하고 있다. 2024.4.9. 뉴스122대 총선을 하루 앞두고 선거 관련 고소·고발 사건이 산적히 쌓인 것으로 나타났다. 경찰은 총선 정국에 하루 수백건의 고소·고발이 접수되고 있다고 토로했다. 이에 일각에서는 정치적 목적의 고소·고발로 민생 범죄 수사에 지장을 줄 정도로 공권력이 낭비되고 있다는 지적이 나온다.경찰은 4·10 총선이 끝난 뒤 신속히 수사에 나선다는 방침이지만, 선거사범에 대한 공소시효가 6개월밖에 안돼 ‘벼락치기 수사와 기소’가 반복될수밖에 없다는 비판도 제기된다.◇하루 평균 100여건 신고…약 3개월간 경찰 적발 선거 사범 896명선거 관련 신고는 시민단체 고발부터 후보 간 맞고소·고발전으로까지 줄줄이 이어지고 있다.지난 8일 김기표 더불어민주당 경기 부천을 후보 측은 경쟁 상대인 박성중 국민의힘 후보를 공직선거법 위반 혐의로 경찰에 고발했다.김 후보 측은 고발장을 통해 “박 후보는 김 후보가 변호사 시절 수임료 5000만 원을 현금으로 수령했다는 이유로 현금다발을 청탁용으로 사용했다는 취지의 글을 지난 5일 문자메시지 등을 통해 발송해 허위사실을 공표했다”고 주장했다.박성민 국민의힘 울산 중구 후보는 자신의 비리 의혹을 문자메시지로 발송한 오성택 민주당 후보를 경찰에 고발했다. 해당 문자에는 현역 의원인 박 후보가 삼청교육대에 입소한 사유와 불법 쪼개기 후원을 받은 데 대해 해명해야 한다는 내용이 담겼다.이에 대해 박 후보는 “삼청교육대는 D등급을 받았다고 했고, 국방부 정보공개로는 나오지 않는다. 후원금과 관련해서는 조사를 받은 적도 없다”고 반박했다.경찰에 따르면 총선 예비후보 등록이 시작된 지난해 12월 12일부터 올해 3월 26일까지 적발한 선거 사범은 총 895명이다. 서울경찰청에 따르면 22대 총선 사전투표 기간 경찰에 접수된 관련 신고는 하루 평균 80~100건 정도였던 것으로 집계됐다.경찰은 총선 관련 고발 사건을 10일 총선이 끝난 뒤 공소시효 만료 전 신속히 수사한다는 방침이다.그러나 전문가들은 지나친 고소·고발이 행정력을 낭비하고 있다고 지적한다.곽대경 동국대 경찰사법대학 교수는 “선거철 고소·고발 남발로 행정력 낭비가 심해지는 측면이 있다”며 “아니면 말고 식으로 고소·고발을 해 수사 기관에 부담을 주는 행위가 바람직하다고 보기 어렵다”고 말했다.이창현 한국외대 법학전문대학원 교수도 “정치권이 고소·고발을 선거에 악용하는 나쁜 관행을 개선해야 한다”며 “이건 제도의 문제라기보단 의식을 개선해야 하는 문제”라고 짚었다.◇6개월 공소시효도 쟁점…“벼락치기 기소 문제” vs “선거사범 신속처리 필요”공직선거법 공소시효에 대한 논란도 선거철마다 반복되고 있다. 선거일로부터 6개월로 제한된 기간이 지나치게 짧아 경찰이 시효가 임박해 선거법 위반 사건을 송치하고, 검찰이 벼락치기 기소를 하는 일이 생긴다는 지적이다.이에 대해 이 교수는 “경찰 수사부터 검찰 기소까지 하려면 6개월은 너무 짧고, 수사 지휘도 제대로 안 된다”며 “선거사범 공소시효를 짧게 했을 때 장점도 있어서 일반 사건과 구별되는 지점도 있지만, 수서 어려움을 고려해 1년 정도로 늘리는 편이 좋을 것”이라고 밝혔다.그러나 선거 사범을 신속하게 처리하고, 선거 결과에 따른 정치 활동이 안정될 수 있도록 한 입법 취지를 고려 했을 때 6개월 공소시효가 불가피하다는 의견도 있다. 공소시효를 길게 가져가면 선거 결과를 무효화하려고 정치적 목적의 고소·고발이 폭증할 수 있다는 우려다.이 때문에 현행 공직선거법 전신인 공직선거 및 부정선거방지법이 처음 시행된 1994년 3월부터 30년간 공소시효 6개월은 그대로 유지되고 있다는 것이다.곽 교수는 “사안에 따라 양쪽 이야기들이 다 일리가 있을 수 있다”며 “구체적인 사건을 놓고 따져봐야 한다”고 말했다.(서울=뉴스1)"
‘뜨거운 화성을’…이준석 출마로 민주 공영운-국힘 ‘3자 대결 구도’,2024/03/04 16:28,"이준석 개혁신당 대표가 4일 오후 경기도 화성시 정조로 동탄호수공원에서 제22대 국회의원선거 화성을 출마 선언을 하고 있다. 2024.3.4 뉴스1이준석 개혁신당 대표가 4일 오후 경기도 화성시 정조로 동탄호수공원에서 제22대 국회의원선거 화성을 출마 선언을 하고 있다. 2024.3.4 뉴스1경기 화성을 선거구가 주목받고 있다. 개혁신당 이준석 대표가 평균 연령 30대 중반인 동탄2신도시를 4·10총선 출마 지역으로 결정지으면서다.4일 오후 출마를 선언한 이 대표와 함께 더불어민주당 영입 인재인 공영운 전 현대자동차 사장, 아직 후보자를 결정하지 못한 국민의힘 등으로 화성을은 3자 대결 구도가 형성될 전망이다.국민의힘은 이날 이준석 개혁신당 대표가 출마를 선언한 경기 화성을에 대해 “어떤 분을 배치할지 전략적으로 다시 한번 고민해 보겠다”고 밝혔다.앞서 이날 이 대표는 동탄2 호수공원에서 기자회견을 열고 화성을 출마를 공식 선언했다.그는 “제가 기대고 믿는 것은 동탄의 젊은 세대에 대한 확신”이라며 “동탄을 대한민국 중심도시로 만들겠다”고 포부를 밝혔다.이어 “우선 동탄의 스피커가 되겠다”며 “동탄이 발전하기 위해서는 대한민국 정치의 중심에서 누군가는 동탄을 외치고 있어야 한다”고 덧붙였다.그는 또 “개혁신당을 통해 완전히 새로운 동탄의 청사진이 태어날 것”이라며 “앞으로 동탄의 미래를 직접 만들어가는 정치를 해나가겠다”고 강조했다.그는 “고교 비평준화 지역으로 많은 동탄 학부모들이 어려움을 겪고 있는 데, 이 문제를 반드시 해결하겠다”면서 “경기남부에서 수많은 미래 과학 인재가 배출되는 최고 수준의 교육도시로 만들겠다”고 강조했다.그러면서 “화성시를 교육 특화지구로 지정하는 특별법을 추진하겠다”고 했다.이 대표는 “앞서 개혁신당이 발표한 수학교육 국가책임제를 도입하겠다. (이를 통해)수학 포기자가 없는 대한민국을 만들겠다”며 “공교육 부실의 결과를 더는 학부모 부담으로 전가하게 하지 않을 것”이라고 말했다.이 대표는 “권력자를 추종하며 좋은 감투를 쓰고 호의호식할 생각이었다면 애초에 이 길에 들어서지 않았을 것”이라며 “우리 개혁신당에게 힘을 실어 달라”고 호소했다.(화성=뉴스1)"
이화여대 “‘미군에 이대생 성상납’ 발언 김준혁 사퇴하라”,2024/04/02 15:22,"제22대 국회의원선거 수원정에 출마한 김준혁 더불어민주당 후보가 2일 경기도 수원시 매탄동에서 시민들에게 인사하며 지지를 호소하고 있다. 2024.04.02. 뉴시스더불어민주당 경기 수원정에 출마한 김준혁 후보가 과거 ‘김활란 이화여자대학교 초대 총장이 학생들을 미군 장교에게 성 상납시켰다’는 취지로 말한 사실이 알려져 논란이 된 가운데, 이화여대 측이 김 후보에 대해 법적 대응을 하겠다면서 후보직 사퇴를 촉구하고 나섰다.김 후보는 지난 2022년 8월 한 유튜브 채널에서 “종군 위안부를 보내는 데 큰 역할을 한 사람이 바로 김활란”이라며 “미군정 시기에 이화여대 학생들을 미군 장교들에게 성 상납시켰다”고 주장했다. 김 후보는 이보다 앞선 2017년 9월에는 수원 화성의 풍수지리학적 의미를 성적 대상화하는 발언을 했고, 2019년 2월엔 박정희 전 대통령이 위안부·학생과 성관계를 했다는 주장을 펴 논란이 된 바 있다.이에 이화여대는 2일 입장을 내고 “최근 유튜브와 언론 보도를 통해 공개된 김 후보의 본교 구성원에 대한 명예훼손 발언에 깊은 유감을 표한다”며 “검증되지 않은 자료와 억측으로 본교와 구성원의 명예를 훼손하는 행위에 대해선 법적으로 엄중히 대응할 방침”이라고 밝혔다.이어 “김 후보의 발언은 본교와 재학생·교수·동창의 명예를 심각하게 훼손하고 본교 이미지를 크게 실추시키고 있을 뿐만 아니라, 국회의원 후보자로서 가져선 안 되는 여성 차별적이고 왜곡된 시각을 바탕으로 당시 여성은 물론 현대의 여성에 이르는 전체 여성에 대한 명백한 비하 의도를 담고 있다”고 비판했다.그러면서 “김 후보가 지금이라도 자신의 발언과 태도에 대해 즉각 사과하고 후보직에서 물러날 것을 요구한다”고 목소리를 높였다.한편 김 후보는 같은 날 페이스북을 통해 “제 약점을 찾아냈다는 것이 제가 5~6년 전에 유튜브에 출연해 나눴던 발언을 꼬투리 삼아 앞뒤 다 자르고 성(性)과 관련된 자극적인 부분만 편집해 저와 민주당 전체를 매도하고 있다”고 반박했다.이어 “제 주장은 친일 인사들의 문제가 되는 행적, 특히 우리나라 여성들의 인권을 유린하고 성 착취를 강요했던 숨겨진 아픈 역사를 제대로 알자는 것”이라며 자신의 발언을 뒷받침할 논문과 기사 자료를 올린 블로그 링크를 첨부했다.김소영 동아닷컴 기자 sykim41@donga.com"
22대 총선 지역구 경쟁률 2.8:1…1985년 이후 최저,2024/03/23 15:33,"제22대 국회의원선거 후보자등록 신청일인 21일 서울 종로구 서울시선거관리위원회 입구에 관련 전광판이 설치돼 있다. 2024.3.21/뉴스1중앙선거관리위원회는 22대 총선 후보자 등록 결과 지역구 국회의원선거 후보자는 21개 정당에서 699명이 등록했다고 23일 밝혔다. 평균 2.8 대 1의 경쟁률로, 지난 총선 경쟁률(4.4:1)에 비해 낮은 수준이다. 지난 1985년 12대 총선에서 2.4대 1의 경쟁률 이후 39년만에 최저치다.정당별로 살펴보면 민주당 246명, 국민의힘 254명, 더불어민주연합 30명, 새로운미래 28명, 개혁신당 43명, 자유통일당 11명 순이다. 무소속은 58명이다.지역별로는 정치 1번지 서울 종로에서 최재형 국민의힘 후보, 곽상언 민주당 후보, 금태섭 개혁신당 후보 등 7명이 등록해 7대 1의 최고 경쟁률을 보였다.연령별로는 50대 후보가 315명(45%)으로 전체 후보자의 절반 가량을 차지했다. 반면 20대 후보는 4명에 그쳤다.성별로는 남성이 600명(85.8%)로, 여성 99명(14.1%)보다 6배 가량 많았다.총선에 출마한 후보자 가운데 3분의 1 이상인 242명(34.6%)이 전과가 있었다. 전과1범이 128명, 전과2범이 63명이었으며 전과 11범 이상 후보자도 1명 있었다.후보자가 신고한 재산은 10억원 이상 30억원 미만 후보자가 245명으로 가장 많았으며, 1억~5억원(130명), 5억~10억원(126명), 30억~50억원(65명) 순이었다.비례대표 국회의원선거는 38개 정당에서 253명이 등록했다. 비례대표 후보 경쟁률은 5.5:1이다. 비례대표연합에는 더불어민주연합 30명, 국민의미래 35명, 녹색정의당 145명, 새로운미래 11명, 개혁신당 10명, 자유통일당 20명, 조국혁신당 25명 등이 참여했다.한편 총선과 동시에 실시하는 재·보궐선거는 기초단체장 2개 선거구에 7명, 광역의회의원 17개 선거구에 44명, 기초의회의원 26개 선거구에 70명이 등록했다.후보자의 재산·병역·전과·학력·납세·공직선거 입후보경력은 선거일까지 중앙선관위 선거통계시스템(http://info.nec.go.kr)에 공개된다.정당·후보자가 제출하는 선거공보는 투표안내문과 함께 3월 31일까지 각 가정에 발송된다.(서울=뉴스1)"
이준석 “동탄을 대한민국 중심도시로”…호수공원서 화성을 출마 선언,2024/03/04 16:39,"이준석 개혁신당 대표가 4일 오후 경기도 화성시 정조로 동탄호수공원에서 제22대 국회의원선거 화성을 출마 선언을 하고 있다. 2024.3.4/뉴스1 ⓒ News1개혁신당 이준석 대표가 4일 “동탄을 대한민국의 중심 도시로 만들겠다”며 총선 출마를 공식 선언했다.이 대표는 이날 오후 화성시 동탄호수공원에서 기자회견을 열고 “개혁신당을 통해 완전히 새로운 동탄의 청사진이 태어날 것”이라며 “앞으로 동탄의 미래를 직접 만들어가는 정치를 해나겠다”고 약속했다.이어 “고교 비평준화 지역으로 많은 동탄 학부모들이 어려움을 겪고 있는데, 이 문제를 반드시 해결하겠다”면서 “경기남부에서 수많은 미래 과학 인재가 배출되는 최고 수준의 교육도시로 만들겠다”고 강조했다.그러면서 “화성시를 교육 특화지구로 지정하는 특별법 제정을 추진하겠다”고 했다.이 대표는 “앞서 개혁신당이 발표한 수학교육 국가책임체를 도입하겠다. (이를 통해)수학 포기자가 없는 대한민국을 만들겠다”며 “공교육 부실의 결과를 더는 학부모 부담으로 전가하게 하지 않을 것”이라고 말했다.한편 이날 출마선언에는 양향자 원내대표, 김용남 정책위의장, 이원욱 의원 등 개혁신당 주요인사들과 지지자들이 참석했다.(화성=뉴스1)"
"한 총리, 오세훈 시장과 투표소 점검…“한치의 실수·오점 안돼”",2024/04/09 15:53,"한덕수 국무총리와 오세훈 서울시장 등이 9일 서울 종로구 종로1.2.3.4가동 주민센터에 마련된 제22대 국회의원선거 투표소에서 현장 점검을 하고 있다. (공동취재) 2024.4.9/뉴스1 ⓒ News1한덕수 국무총리는 9일 제22대 국회의원 선거 투표를 하루 앞두고 “선거 관리에 있어서는 한 치의 실수나 오점이 있어서는 안 되며, 완전무결한 선거관리를 지원한다는 자세와 각오로 임해 주시기 바란다”고 오세훈 시장과 고기동 행정안전부 차관에게 당부했다.한 총리는 이날 오후 2시 서울시 종로1·2·3·4가동 행정복지센터 투표소를 방문해 선거사무 종사자를 격려하며 이같이 철저한 투표소 점검을 당부했다. 현장에는 오 시장과 고 차관, 여중협 행안부 자치분권국장, 이동률 서울시 행정국장 등이 함께했다.한 총리는 “사전투표에서 봤듯이, 우리 국민들의 이번 선거에 대한 열정이 엄청나게 강하다”며 “총 31.28% 유권자들이 사전투표를 마쳤지만 더 많은 투표를 할 국민들이 남아 있기 때문에 힘을 합쳐서 투표가 질서 있게, 공정하게 또 투명하게 이뤄지도록 최선을 다해야 한다”고 밝혔다.또한 한 총리는 이번 선거에서 선거의 공정성과 투명성을 위해 투표용지 수검표 절차가 새로 도입되고, 공무원 지원이 이전보다 늘어난 것에 대해서도 언급하며 “선거관리위원회와 경찰청, 소방청, 우리 행정안전부 같이 긴밀하게 협력을 해서 조그마한 차질도 있어서는 안 될 것”이라고 말했다.이어 “지난번 사전투표 때 총 411건 정도의 사건 사고가 있었습니다만, 그중에 한 80건이 넘는 그 숫자가 기기의 어떤 오작동에 있었다”며 “이런 일이 발생하지 않도록 거듭 노력을 해주시기 바란다”고 밝혔다.아울러 한 총리는 “많은 공무원이 투·개표 과정에 참여를 했기 때문에 이들에 대해서 투표가 끝난 뒤 국가가 의무적으로 휴무를 하도록 하는 일을 포함해 지원책이 마련됐다”며 “행안부를 중심으로 모든 부처가 이번에 개표과정에서 고생하는 공무원들에게 그런 지원책이 제대로 작동되도록 잘 살펴달라”고 말했다.이어 “불법카메라 사전적발, 행안부 중심 전수검사 등이 이뤄졌지만 국민이 투표권을 행사하는 선거날 관계부처간 협력해서 차질 없이 투표가 잘 진행되도록 힘써달라”고 밝혔다.(서울=뉴스1)"
"선관위 “고용주, 투표자 투표시간 청구 거절하면 과태료”",2024/04/02 10:09,"ⓒ뉴시스중앙선거관리위원회는 근로자가 제22대 국회의원선거 사전투표기간(5~6일)과 선거일(10일)에 모두 근무하는 경우 고용주에게 투표에 필요한 시간을 청구할 수 있다고 2일 밝혔다.공직선거법에 따르면 고용주는 근로자가 투표하기 위해 필요한 시간을 청구하면 이를 보장해 줘야 하고 정당한 사유 없이 이를 보장하지 않으면 1000만 원 이하의 과태료가 부과된다.공무원, 학생 또는 다른 사람에게 고용된 사람이 투표하기 위해 필요한 시간은 보장돼야 하며, 이를 휴무 또는 휴업으로 보지 아니한다고도 규정하고 있다.선관위는 지난달 고용노동부 등 중앙행정기관과 주요 직능·경제단체 등에 공문을 보내 근로자의 투표시간 청구권 등 보장 규정을 안내하고, 소속 임·직원과 산하 기관·단체의 근로자들이 투표권을 행사하는데 지장이 없도록 투표시간을 보장해 줄 것을 요청한 바 있다.[서울=뉴시스]"
4·10 총선 첫날 사전투표율 15.61%…4년 전보다 3.47%포인트 높아,2024/04/05 19:48,"제22대 국회의원선거 사전투표가 시작된 5일 광주 서구 치평동 치평초등학교 투표소에서 유권자들이 소중한 한표를 행사하고 있다. 2024.4.5/뉴스14·10 총선 사전투표 첫날인 5일 투표율이 15.61%로 집계됐다. 2013년 사전투표 도입 이후 치러진 총선 가운데 첫날 사전투표율로는 역대 최고치다.중앙선거관리위원회(선관위)에 따르면 이날 오전 6시에 시작된 사전투표에는 전체 유권자 4428만11명 중 691만510명이 참여했다. 4년 전인 2020년 21대 총선 첫날 사전투표율(12.14%)보다 3.47%포인트 높고, 역대 전국 단위 선거 중 사전투표율이 가장 높았던 2022년 20대 대선 첫날 사전투표율(17.57%)보다는 1.96%포인트 낮았다.지역별로는 호남이 높은 투표율을 기록했다. 시도별로는 전남이 23.67%로 가장 높았고 전북(21.36%) 광주(19.96%)가 그 뒤를 이었다. 반면 대구는 12.26%로 가장 낮았다. 대구에 이어 경기(14.03%), 인천(14.50%) 순으로 낮은 투표율을 보였다. 대전(14.66%) 울산(14.80%) 부산(14.83%) 등도 15%를 넘지 못했다. 서울은 15.83%로 전국 평균 투표율을 살짝 웃돌았다.여야 수장은 이날 오전 일찌감치 사전투표를 마쳤다. 국민의힘 한동훈 비상대책위원장은 서울 이화여대가 위치한 신촌동에서 투표를 마친 후 “법과 국민을 무시하는 사람들에게 선량한 시민의 위대한 힘을 보여달라”고 호소했다. 더불어민주당 이재명 대표는 대전 중구에서 카이스트 재학생들과 한 표를 행사하며 “과학기술의 중요성, 정부 정책의 무지함을 지적하고 싶었다”고 했다.사전투표는 5~6일 양일간 진행되며 투표 시간은 오전 6시부터 오후 6시까지다. 유권자는 주민등록 소재지와 상관 없이 신분증만 지참하면 전국에 있는 3565개 투표소 어디에서나 투표할 수 있다. 투표소 위치는 선관위 홈페이지나 포털사이트 등에서 확인할 수 있다.크게보기첫날 전국 사전투표율. 선관위 홈페이지조혜선 동아닷컴 기자 hs87cho@donga.com"
"IT기업, 총선 앞두고 딥페이크 공동 대응 나선다",2024/02/26 18:23,"크게보기국내외 주요 IT 기업들이 인공지능(AI) 등으로 제작된 딥페이크 조작 콘텐츠에 대한 공동대응에 나선다. 총선 등 선거에 영향을 미치기 위해 허위로 조작된 영상이 유권자들의 선택에 영향을 미칠 수 있다는 우려에 콘텐츠 ‘통로’ 역할을 하는 주요 기업이 나선 것이다.한국인터넷기업협회는 회원사인 구글코리아, 네이버, 메타, SK커뮤니케이션즈, 카카오, 틱톡 등 6개사가 딥페이크 대응을 위한 자율협의체를 구성했다고 26일 밝혔다. 각 사는 올해 제22대 국회의원선거 및 재보궐선거를 앞두고 유권자를 기만할 수 있는 악의적 딥페이크 콘텐츠에 대응하기 위한 공동 방안을 마련할 예정이다.이같은 대응은 선거에 영향을 미치기 위해 악의적으로 제작·편집한 영상, 음성, 이미지 등 딥페이크 콘텐츠를 대상으로 한다. 협의체는 딥페이크 관련 위험 완화를 위한 노력, 딥페이크 유포 방지를 위한 기업 및 전문가 그룹과의 논의를 담은 대응 방안을 가까운 시일 내에 발표하겠다고 밝혔다.이같은 국내의 대응은 미 대선 등 전 세계적인 선거를 앞두고 유권자들을 속이는 인공지능(AI) 생성 콘텐츠를 막기 위해 공동대응을 모색한 빅테크들의 노력과 궤를 같이 한다. 지난 16일(현지시간) 빅테크 기업 20여 곳은 독일 뮌헨에서 열린 뮌헨안보회의(MSC)에서 이같은 내용의 합의문에 서명하고 유권자가 속을 위험이 있는 콘텐츠를 감지해 꼬리표를 붙이는 등의 조치를 자율적으로 취하기로 했다. 합의문에는 오픈AI, 구글, 메타, 마이크로소프트(MS), 틱톡 등이 이름을 올렸다.전남혁 기자 forward@donga.com"
“경선=본선”…민주당 텃밭 광주 3곳 19일부터 여론조사,2024/02/18 8:06,"지난 1일 오후 제22대 국회의원선거 모의개표 실습‘에서 선관위 관계자들이 비례대표 투표용지 수검표 실습을 하고 있다. 2024.2.1/뉴스1 ⓒ News122대 국회의원 선거 본선에 오를 광주·전남지역 더불어민주당 후보 선출을 위한 여론조사가 본격적으로 시작된다.18일 민주당에 따르면 1차 경선 지역으로 발표한 광주 동남갑과 북구갑, 북구을 등 3개 선거구의 후보 공천을 위한 여론조사가 19일부터 21일까지 진행된다.여론조사는 일반 국민 50%, 권리당원 50%가 참여하는 국민참여경선 ARS투표로 실시된다.19일과 20일은 권리당원과 안심번호를 부여받은 일반시민을 대상으로 ‘강제적 ARS’ 조사를 실시한다. 19일 2차례, 20일 3차례 투표권자가 여론조사 전화를 받고 투표하는 방식이다.권리당원은 지난해 7월 31일까지 입당 승인이 완료된 당원으로 지난해 2월 1일부터 올해 1월 31일까지 6회 이상 당비를 납부 당원이다. 여론조사 기관으로부터 전화가 오면 생년월일 6자리를 입력한 후 후보 적합도 조차에 참여하면 된다.일반시민은 선거구별로 SK텔레콤 2만 5000명, KT 1만 5000명, LG유플러 1만 명 등 총 5만 명의 안심번호를 받아 ARS 방식으로 진행한다. 민주당 지지자와 지지 정당 없음 응답자를 대상으로 후보자 적합도 조사를 한다.21일은 자발적 ARS 조사로, 투표에 참여하지 않은 권리당원이 전화를 걸어 투표할 수 있다. 경선 결과는 투표 마지막 날인 21일 오후 공개한다.더불어민주당 광주 동남갑 국회의원 예비후보. 윤영덕 현 국회의원(왼쪽)과 정진욱 민주당 당대표 정무특보./뉴스1광주 동남갑은 윤영덕 현 국회의원과 정진욱 민주당 당대표 정무 특보가 맞붙는다. 두 후보 모두 ‘친명계’(친이재명계)로 꼽힌다.두 후보 모두 여성·장애인·청년·정치신인에게 주는 가산이나 징계·탈당 경력, 선출직 공직자 평가 하위 20%, 경선 불복자 등에게 주는 감산 비율은 적용되지 않는다.정 특보는 과거 탈당 경력은 있으나 민주당 최고위원회에서 감산 예외 적용을 의결해 가산도, 감산도 적용하지 않도록 했다. 단, 공관위에서 정밀 심사를 하도록 했다.윤 의원은 현역 의원에 해당하는 ‘선출직 공직자 평가 하위 20% 발표 결과’를 지켜봐야 한다.1차 심사에서 탈락한 노형욱 전 국토교통부 장관과 오경훈 전 광주 남구청 정책보좌관 지지층의 표심이 변수가 될 것으로 보인다.더불어민주당 광주 북구갑 국회의원 예비후보. 조오섭 현 국회의원과 정준호 변호사./뉴스1광주 북구갑은 조오섭 현 국회의원과 정준호 변호사가 4년 만에 리턴매치를 벌인다…조 의원은 전남대 학생운동권 출신 ‘86세대’, 정 변호사는 40대의 ‘젊은 피’다.지난 21대 총선을 앞둔 경선에서는 조 의원이 승리했다. 조 의원은 이번 총선에서 가감산이 없고 정 변호사는 ‘청년’에 해당해 10% 가산점이 있다.경선에서 조 의원은 53%, 정 변호사는 48% 이상 득표율을 얻어야 본선에 진출할 수 있다. 이곳도 경선에서 탈락한 예비후보들의 지지 여부가 변수로 꼽힌다.더불어민주당 광주 북구을 국회의원 예비후보. 이형석 현 국회의원과 전진숙 전 청와대 행정관./뉴스1광주 북구을은 이형석 현 국회의원과 전진숙 전 청와대 행정관이 4년 만에 다시 맞붙는다. 지난 총선에서는 이 의원이 전국 최다 득표로 국회에 입성했다.이번 경선에서 이 의원은 가감산이 없고 전 전 행정관은 여성 가점 25%가 있다. 경선 투표에서 이 의원은 56%, 전 전 행정관은 45% 이상 지지율을 얻어야 본선에 오를 수 있다.광주는 8개 선거구 중 1차 발표에서 3곳, 3차 발표에서 동남을, 광산을 2곳 등 5곳의 경선 후보를 확정했다. 3차 경선 지역은 오는 28일부터 사흘간 여론조사를 진행할 것으로 보인다.나머지 3곳 중 서구갑과 광산갑의 대진표는 20일쯤 4차 공천 심사 결과 발표에서 공개될 가능성이 크다. 서구을은 ‘전략선거구’로 아직 경선 방식이 확정되지 않았다.지역 정가의 한 관계자는 “민주당 텃밭인 광주는 ‘공천이 곧 당선’ 공식이 적용되는 곳이라 경선이 사실상 본선이나 다름없다”며 “현역 교체 여론이 상대적으로 높은 가운데 현역 대 도전자의 1 대 1 구도라 투표 결과에 관심이 높다”고 말했다.(광주=뉴스1)"
"與, ‘막말 논란’ 장예찬 부산 수영 공천 취소",2024/03/16 16:58,"장예찬 국민의힘 전 청년최고위원이 9일 오전 서울 여의도 국회 소통관에서 기자회견을 갖고 제22대 국회의원선거 출마선언을 하고 있다. 2024.1.9/뉴스1국민의힘 공천관리위원회(공관위)가 16일 과거 발언으로 막말 논란에 휩싸인 장예찬 부산 수영구 후보에 대한 공천을 취소했다.공관위는 이날 제23차 회의를 열고 “장예찬 후보에 대해 심도 있는 논의를 진행한 결과, 장 후보는 국민 정서에 반하고 공직후보자로서 부적절한 발언이 상당수 확인됐다”며 “이에 공천 취소를 의결하고 재추천 절차를 진행하기로 했다”고 밝혔다.앞서 장 후보는 지난 2014년 소셜네트워크서비스(SNS)에 ‘난교를 즐겨도 맡은 직무에서 전문성과 책임성을 보이면 존경받는 사회가 건강한 사회’라는 취지의 글을 쓴 것이 뒤늦게 알려져 논란이 일었다.이외에도 ‘동물병원을 폭파하고 싶다’, ‘(서울시민) 교양 수준이 일본인 발톱의 때만큼이라도 따라갈 수 있을까 싶다’ 등 부적절한 발언들이 도마 위에 올랐다.이에 장 후보는 지난 12일 페이스북에 “과거 부적절하고 정제되지 않은 표현이 있어 심려를 끼쳤다. 고개 숙여 진심으로 사과를 드린다”며 공식 사과 했으나 논란은 사그라지지 않았다.김예슬 동아닷컴 기자 seul56@donga.com"
오후 5시 사전투표율 14.08%…21대 총선보다 3.15%p 높아,2024/04/05 17:16,"제22대 국회의원선거 사전투표일인 5일 오전 사전투표소에서 시민들이 소중한 한 표를 행사하고 있다. 뉴스1제22대 국회의원선거(총선) 사전투표 첫날인 5일 오후 5시 현재 전국 평균 투표율이 14.08%로 집계됐다.중앙선거관리위원회에 따르면 이날 오전 6시부터 진행된 사전투표에서 전체 유권자 4428만11명 가운데 623만5274명이 투표를 마쳤다.오후 5시 기준 사전투표율은 2020년 21대 총선의 사전투표 첫날 동시간대 투표율(10.93%)과 견줘 3.15%포인트 높다. 사전투표가 적용된 총선 기준으로는 동시간대 최고치다. 다만 역대 전국단위 선거 중 사전투표율이 가장 높았던 2022년 20대 대선의 같은 시간대 투표율(15.84%)보다는 1.76%포인트 낮다.현재까지 투표율이 가장 높은 지역은 전남(21.79%)으로, 전북(19.48%), 광주(18.07%), 강원(16.22%) 등이 뒤를 이었다. 가장 낮은 곳은 11.05%를 기록한 대구다. 이어 울산(13.07%), 대전(13.18%), 부산(13.39%), 제주(13.77%), 경남(13.79%) 등 순이다. 경북(14.91%)과 세종(14.99%), 충북(14.31%), 충남(14.26%)은 전국 평균 투표율을 웃돌았다. 서울(14.17%), 인천(13.03%), 경기(12.58%) 등 수도권은 전국 평균과 비슷하거나 낮은 투표율을 기록했다.사전투표는 이날부터 6일까지 이틀간 이뤄진다. 투표시간은 오전 6시부터 오후 6시까지며, 유권자는 주민등록소재지와 관계없이 신분증만 지참하면 전국 3565개 사전투표소 어디서나 투표할 수 있다. 투표소 위치는 선관위 홈페이지(www.nec.go.kr)나 대표전화(☎1390)로 확인할 수 있다.이혜원 동아닷컴 기자 hyewon@donga.com"
"선관위, 22대 총선 선거범죄 2건 9050만원 포상금 첫 지급",2024/03/19 16:31,"노태악 중앙선거관리위원회 위원장이 15일 오후 경기 과천시 중앙선거관리위원회에서 열린 제22대 국회의원선거 시·도 위원회 위원장 화상회의를 주재하고 있다. 2024.3.15. 뉴스1중앙선거관리위원회는 4·10 총선 예비후보자와 측근의 매수 및 기부행위 2건에 대해 총 9050만원의 포상금을 지급한다고 19일 밝혔다. 이번 총선의 첫 포상금 지급 사례다.선관위는 △전화를 이용한 경선선거운동 대가로 자원봉사자에게 일당을 지급한 건에 6400만 원 △선거구민을 모아 선거운동을 하고 참석자에게 식사를 제공한 건에 2650만원을 각각 지급할 예정이다.선관위는 기부·매수행위, 공무원 등의 선거관여행위, 허위사실공표·비방, 조직·단체 불법 이용 등 중대 선거범죄에 엄정 대응한다는 방침이다. 특히 금품 수수 및 기부행위 등을 근절하기 위해 적극적인 신고와 제보를 부탁했다.선거법 위반행위를 신고하는 사람에게는 최고 5억 원의 포상금이 지급되며, 신분은 철저히 보호된다.지난 21대 총선에서는 △직원에게 선거운동을 하고 선거구민에 선물제공한 건에 1억원 △입후보예정자의 기부행위에 1890만원 등 포상금이 지급된 바 있다.(서울=뉴스1)"
"개표율 54%… 현재 1위 민주 154곳, 국힘 96곳",2024/04/11 0:09,"제22대 국회의원 선거 투표가 종료된 10일 오후 부산 남구 부경대학교 대연캠퍼스 체육관에 마련된 개표소에서 개표사무원들이 투표지 분류 작업을 하고 있다. 2024.4.10/뉴스1제22대 국회의원선거 전국 개표율이 10일 오후 11시 기준 54%를 넘은 가운데, 더불어민주당 후보들이 지역구 154곳에서 1위를 달리고 있다. 국민의힘은 96개 지역구에서 1위를 기록하고 있다.새로운미래, 개혁신당, 진보당, 무소속이 각 1석이다.비례대표를 뽑는 정당투표는 개표율 7.88% 기준으로 국민의힘 위성정당인 국민의미래가 39.43%, 민주당이 주도하는 더불어민주연합이 26.23%, 조국혁신당 22.26%, 개혁신당 3.18%다.이혜원 동아닷컴 기자 hyewon@donga.com"
정부 “총선 불법행위에 무관용 원칙…배후 밝혀 책임 묻겠다”,2024/03/28 11:28,"이상민 행정안전부 장관(오른쪽)과 박성재 법무부 장관이 28일 세종시 정부세종청사에서 제22대 국회의원선거 대국민 담화문을 발표하고 있다. 2024.03.28. 뉴시스제22대 국회의원 선거를 앞두고 정부는 “중앙선거관리위원회와 협력해 국민이 안심하고 투표할 수 있도록 공정하고 투명한 선거 환경을 조성하는 데 최선의 노력을 다했다”고 밝혔다.이상민 행정안전부 장관과 박성재 법무부 장관은 공식 선거운동 기간이 시작된 28일 오전 정부서울청사에서 대국민 담화문을 공동 발표했다.이 장관은 “투·개표 관리의 공정성을 관리하기 위해 핵심적 선거관리 업무는 반드시 공무원이 담당하도록 하고, 외국인의 참여는 원천적으로 배제했다”고 밝혔다. 이어 “사전투표지가 우편으로 이송되는 구간에 대해선 모든 구간에 경찰이 동승해 호송할 수 있도록 배치 완료했다”고 덧붙였다.이 장관은 또 “시도 선관위에 대형모니터를 설치해 사전투표지가 개표일까지 보관되는 모습을 누구든지, 언제든지 방문해서 볼 수 있다”며 “투표지 분류기 등 개표 장비에 대한 보안 조치를 완료했고, 수검표 절차도 도입했다”고 설명했다. 그러면서 “이번 선거가 공정하고 투명하게 추진돼 국민통합, 사회통합으로 이어지도록 남은 기간 모든 노력과 지원을 아끼지 않겠다”고 강조했다.박 장관은 선거 과정에서 발생한 모든 불법 행위에 대해 무관용 원칙을 적용해 엄정 수사하겠다고 밝혔다. 그는 허위 사실 공표 및 흑색선전, 금품 수수, 공무원·단체 등의 불법적 선거 개입, 선거 관련 폭력을 중점 단속 대상으로 정하고 범정부 역량을 총동원해 철저히 단속·처벌하겠다고 말했다.아울러 박 장관은 인공지능(AI)과 디지털 기술을 악용한 가짜뉴스와 허위 선동, 후보자 등을 상대로 한 선거폭력 범죄에 대해서는 숨어 있는 배후까지 진상을 밝혀내 책임을 묻겠다고 강조했다. 그러면서 “국민들도 성숙한 시민의식으로 불법과 반칙이 발붙이지 못하도록 협조해 달라”고 당부했다.김소영 동아닷컴 기자 sykim41@donga.com"
"새미래 유승희, 성북갑 출마…“김건희·윤석열·가짜 민주당 심판”",2024/03/14 15:59,"새로운미래에 입당한 유승희 전 국회의원이 14일 오후 서울 여의도 국회 소통관에서 기자회견을 열고, 제22대 국회의원선거 서울 성북갑 출마 선언을 하고 있다. 2024.3.14. 뉴스1더불어민주당을 탈당하고 새로운미래에 입당한 유승희 전 의원이 14일 서울 성북갑 출마를 선언했다.유 전 의원은 이날 오후 국회 소통관에서 기자회견을 열고 “이번 4월 10일 총선에서 새로운미래 후보로 성북갑 지역에 출마한다”고 밝혔다.그는 “무능, 무도, 무책임을 넘어 불공정, 내로남불의 대명사인 김건희·윤석열 심판에 앞장서겠다”며 “제22대 국회에 들어가면 김건희 특검법을 재추진하겠다. 윤석열이 또 다시 거부권을 행사하지 못 하도록 새로운미래를 지지해달라”고 호소했다.또 “김대중과 노무현 대통령의 정신이 사라지고 이재명 사당화와 방탄 정당화된 ‘가짜 민주당’을 심판할 것”이라며 “새로운미래를 통해 ‘진짜 민주당’을 재건하겠다”고 강조했다.유 전 의원은 한 매체가 보도한 현역 김영배 민주당 의원의 금품 수수 의혹을 거론하며 “기사가 사실이 아니라면 정정보도를 요구하거나 명예훼손 소송을 제기했어야 한다고 보는데, 실제로 그렇게 했는지 답변해 주시기 바란다”고 직격했다.성북갑에 단수공천된 김영배 의원은 재선에 도전한다. 국민의힘에선 이종철 전 제18대 대통령직인수위원회 국민대통합위원이 본선행에 올랐다.앞서 유 전 의원은 지난달 1일 민주당 탈당과 새로운미래 합류를 공식화했다.유 전 의원은 제17대 국회에서 열린우리당 비례대표 의원으로 국회에 입성했으며, 제19대·20대 총선에서 성북갑 지역구 국회의원을 지냈다.유 전 의원은 제22대 총선 예비후보 심사 과정에서 민주당 공직선거후보자검증위로부터 제21대 총선 경선 불복을 사유로 부적격 판정을 받았다.(서울=뉴스1)"
“월드컵보다 재밌어”…출구조사 결과에 서울역 들썩,2024/04/11 9:18,"10일 오후 서울 용산구 서울역 대합실에서 시민들이 제22대 국회의원선거 방송 3사 출구조사 결과 생중계를 지켜보고 있다. 2024.4.10/뉴스1“총선이 월드컵 경기보다 더 재밌네요.”4·10 총선 개표가 시작된 오후 7시쯤 서울역사에선 연이어 박수갈채가 쏟아졌다. 22대 총선 지상파 3사 출구조사 결과가 나온 직후다. 시민들은 저마다 자신이 지지하는 후보 판세에 따라 손뼉을 치거나 한숨을 내쉬었다.이번이 생애 두 번째 총선인 김 모 씨(27·남)는 “선거 결과를 갖고 친구들과 내기했는데 현재 출구조사 결과로는 내가 제일 비슷하게 맞춘 거 같다”며 “축구 경기를 볼 때는 제3자일 뿐인데 총선은 내 한 표가 어떤 영향을 미칠지 지켜보는 거니 더 플레이어 같은 기분”이라고 들뜬 표정으로 말했다.접전 지역으로 분류됐던 지역에선 더 반응이 뜨거웠다. 지지 후보가 우세한 결과를 보이자 한 중년 남성은 “그렇지!”하며 서울역이 다 울릴 정도로 박수를 치기도 했다. 대권 잠룡으로 분류되는 이재명 더불어민주당 후보와 원희룡 국민의힘 후보가 맞붙은 인천 계양을 결과가 나오자 응원전 열기는 절정에 달했다.외국인들은 이 같은 광경을 신기하다는 듯 지켜봤다. 한 외국인 가족은 “재난이 난 거냐” “사람들이 왜 이렇게 몰려있냐”며 기자에게 되묻기도 했다.개표방송을 보기 위해 서울역을 찾은 시민들도 있었다. 선거 열기를 몸소 체험하기 위해서다.경기도 안양시에 거주 중인 이 모 씨(64·남)는 “사람들과 함께 큰 TV로 보고 싶어서 지하철을 타고 아침부터 왔다”며 “투표 날은 나 같은 사람도 소외되지 않고 사회 안에 끼어든 기분이라 좋다”고 웃으며 말했다.고개를 절레절레 흔들며 자리를 뜨는 시민들도 눈에 띄었다. 출구조사 결과를 지켜보다가 자리에서 일어난 신 모 씨(71·남)는 “대통령이 남은 임기에 힘들 거 같다”며 “차이가 이렇게 크게 날 줄 몰랐고, 거대 야당이 독주할까 우려된다”고 한숨을 쉬었다.10일 오후 서울 용산구 서울역 대합실에서 시민들이 제22대 국회의원선거 방송 3사 출구조사 결과 생중계를 지켜보고 있다. 2024.4.10/뉴스1개표 방송을 지켜보면서 실시간으로 달라지는 결과에 시민들의 표정도 맑음과 흐림을 오갔다.열차를 기다리던 손 모 씨(49·여)는 “지방은 조용하다 보니 선거 실감이 잘 안 나는데 오늘 서울에 오니까 열기가 확 느껴지더라”며 “너무 거대 양당에만 몰리고 소수정당이 설 자리가 없어지는 건 아닌지 안타깝다. 정치인들은 유독 희비가 엇갈리는 날인 거 같다”고 말했다.한편 지상파 3사 출구조사 결과, 더불어민주당과 비례대표 위성정당인 더불어민주연합이 단독 과반 의석을 차지할 것으로 전망됐다. 두 당을 합해 최소 178석에서 최대 197석까지 얻을 것으로 예상됐다. 반면 국민의힘과 비례대표 위성정당인 국민의미래는 합해 적게는 85석, 많게는 105석을 차지할 것으로 나타났다.(서울=뉴스1)"
"민주 “‘난교 예찬’ 장예찬, 총선 후보 즉각 사퇴해야”",2024/03/09 14:20,"장예찬 국민의힘 전 청년최고위원이 9일 오전 서울 여의도 국회 소통관에서 기자회견을 갖고 제22대 국회의원선거 출마선언을 하고 있다. 2024.1.9. 뉴스1더불어민주당은 9일 국민의힘 부산 수영 공천을 받은 장예찬 전 최고위원이 과거 부적절한 성행위를 옹호하는 발언을 했다며 즉각적인 총선 후보 사퇴를 촉구했다.선다윗 민주당 상근부대변인은 이날 브리핑에서 “장 전 최고위원이 ‘과거 난교를 즐겨도 직무에 전문성과 책임성을 보이면 존경받을 수 있는 사회가 건강한 사회’라는 취지의 글을 SNS에 게재했다고 한다”며 “제정신으로 할 수 있는 말인지 두 눈을 의심할 수밖에 없다”고 비판했다.이어 선 부대변인은 “과거에 쓴 소설은 여성 연예인을 성적 대상화했다는 논란을 받더니 파면 팔수록 논란만 나온다”며 “고 지적했다.선 부대변인은 또 ”이제 국민의 대표인 국회의원이 되겠다니 우리 정치의 질적 저하를 보여주려고 하냐“며 ”난교 행위까지 옹호했던 장 전 최고위원이 선거에서 상대 후보의 도덕성을 흠잡고 있다니 실소만 나온다“고도 했다.선 부대변인은 ”한동훈 국민의힘 비상대책위원장은 야설(야한 소설)쓰고 난교 행위 예찬하는 사람에게 공천 주는 것이 ‘시스템 공천’인지 답하라“며 ”장 전 최고위원은 부끄러운 입을 닫고 국회의원 후보직에서 즉각 사퇴하라“고 강조했다.앞서 한 언론에 따르면 장 전 최고위원은 지난 2014년 페이스북에 ”매일 밤 난교를 즐기고, 예쁘장하게 생겼으면 남자든 여자든 가리지 않고 집적대는 사람이라도 맡은 직무에서 전문성과 책임성을 보이면 프로로서 존경받을 수 있는 사회가 건강한 사회이지 않을까”라고 썼다.(서울=뉴스1)"
강경층에 휘둘리는 경선… 예고된 공천 참사[정치 D포커스],2024/03/16 1:40,"與, 주요지역 당원 투표 비중 높여野, 현역평가 ‘디지털 소통실적’ 강화강성票 노린 유튜브 등 막말 못걸러여야가 ‘막말 리스크’ 파문 확산 우려에 도태우, 정봉주 후보의 공천을 심야에 급히 취소한 것을 두고 15일 정치권에선 “예고된 공천 참사”라는 평가와 함께 “‘제2의 도태우, 정봉주’가 얼마든지 추가로 나올 수 있다”는 지적이 나왔다. 이번 총선을 앞두고 유독 유튜브와 페이스북 등을 통해 강성 지지층만 공략하는 극단적인 정치 문화가 판을 친 가운데, 여야 지도부가 이를 방치하고 공천 과정에서도 부실하게 검증해 공천 취소로 이어지는 악순환이 나타났다는 비판이다.여야는 이번 총선을 앞두고 마련한 경선 과정에서 강성 지지층의 입김을 반영할 수 있는 통로를 이전 총선에 비해 넓혔다. 더불어민주당의 경우 지난해 공천을 위한 현역 의원 평가 기준에 ‘디지털 소통 실적’을 신설한 것이 대표적이다. ‘의원 임기 시작 후 40개월 동안 올린 페이스북과 유튜브 등의 게시물이 1000건 이상이어야 만점을 받을 수 있다’는 조항이 생기면서 현역 의원들의 강성 정치 유튜브 출연이 급증했다. 이에 질세라 원외 인사들도 지지층 사이 인지도를 높이기 위해 정치 유튜브를 활용하기 시작했고, 심지어 출마 선언도 유튜브에서 했다. 부승찬 전 국방부 대변인은 1월 ‘이동형 TV’에서 “이재명 대표와 함께 윤석열 (대통령)을 끌어내리는 데 앞장서겠다”고 출마 선언을 한 뒤 경기 용인병 경선에서 현역 정춘숙 의원을 제치고 공천을 받았다.국민의힘도 당 텃밭인 서울 강남 3구와 대구·경북, 강원, 부산·울산·경남에서만 당원 50%, 일반 국민 50%로 경선을 치렀다. 나머지 다른 지역은 일반 국민이 80%, 당원은 20%였다. 국민의힘은 “텃밭엔 당원 수가 많기 때문에 당원 조사로도 충분히 민심을 반영할 수 있다”고 설명했다. 하지만 ‘5·18민주화운동 북한군 개입설’ 발언과 ‘일베’ 게시글 공유 등이 논란이 돼 공천이 취소된 도 후보가 대구 중-남에서 공천을 받은 점 등을 고려하면 민심보다 강성 보수 지지층 당원들의 당심이 과하게 반영된 것이 아니냐는 지적이 나온다. 여권 관계자는 “일반 여론조사도 성별, 연령 할당 없이 선착순으로 진행해 적극 지지층 혹은 동원자가 과표집됐다는 지적이 있었다”며 “결국 경선에서 강성 지지층 입김이 상당 부분 반영된 것”이라고 했다.채진원 경희대 공공거버넌스연구소 교수는 “양당 경선이 워낙 지지층 중심으로만 돌아가다 보니 다 같이 ‘막말 감수성’이 낮아진 탓에 정작 본선을 앞두고 중도층 표심을 고려하지 못한 것”이라고 지적했다.유튜브서 막말 → 강성층 업고 공천 → 검증 부실로 취소 ‘악순환’예고된 공천참사野김준혁 “자승입적, 궁정동 떠올라”… 양문석은 “노무현 불량품” 논란與장예찬 “여자들 백 좀 작작 사고”과거 부적절 발언 검증없이 공천크게보기제22대 국회의원선거 수원정에 출마한 김준혁 더불어민주당 후보가 14일 오후 경기도 수원시 영통구 경기도의회 브리핑룸에서 열린 수원 지역 후보 합동 공약 발표 기자회견에서 발언을 하고 있다. 2024.3.14/뉴스1더불어민주당 경기 수원정 경선에서 원내대표 출신 비명(비이재명)계 3선 박광온 의원을 꺾고 공천을 받은 친명(친이재명)계 김준혁 후보는 지난해 11월 페이스북에 자승 전 조계종 총무원장 입적과 관련해 “자승 죽음이 석연치 않다. 왜 자꾸 궁정동 안가가 생각나는지 모르겠다”라는 댓글을 달았다. 궁정동 안가는 박정희 전 대통령 때 10·26사태가 벌어졌던 곳이다.민주당 관계자는 “괜한 음모론을 부추길 수 있는 데다, 불교계 심기를 건드릴 수 있는 위험한 발언”이라며 “당에서 ‘전통문화특위’까지 만들어 불교계에 오래 공을 들여왔는데 정봉주 전 의원의 ‘조계종 김정은’ 발언 논란에 이어 또 한번 공든 탑이 무너지게 생겼다”고 우려했다. 특히 김 후보가 해당 글을 쓴 시점은 당 총선기획단이 “막말과 설화 등 부적절 언행에 대해 철저하게 검증하고 공천 심사에 반영하겠다”고 밝힌 지 일주일도 되지 않은 때였다. 결국 당의 ‘부실 검증’ 탓이라는 비판이 나오는 배경이다. 국민의힘 정영환 공천관리위원장은 ‘장예찬 후보의 막말과 관련해 공천 취소를 검토하고 있느냐’는 질문에 “들여다보고 있다”고 말했다.● 친명 양문석 “노무현은 불량품” 논란김 후보 외에도 이재명 대표 강성 지지층과 함께 주로 비명계 경쟁자들을 향한 막말성 공격을 이어왔던 후보들을 둘러싼 논란이 이어지고 있다. 경기 안산갑 경선에서 친문(친문재인) 현역 전해철 의원을 꺾은 친명 양문석 후보는 “수박(겉은 민주당, 속은 국민의힘이라고 비하하는 표현) 뿌리를 뽑겠다”는 극언을 했다가 당직 정지 3개월 징계를 받고도 공천장을 따냈다. 그는 친명 성향 유튜브에 출연해 “민주당 내 수박들 바퀴벌레들” 등의 혐오 발언도 했다.2008년 광우병 파동 땐 노무현 전 대통령에 대해서도 원색적 비난을 쏟아냈던 사실이 뒤늦게 다시 알려지면서 당내 반발도 거세지고 있다. 양 후보는 당시 한 온라인 언론사에 ‘이명박과 노무현은 유사불량품’, ‘미친 미국소 수입의 원죄는 노무현’ 등의 제목의 칼럼을 게재했다. 그는 해당 글에서 ‘한미 자유무역협정(FTA)을 밀어붙인 노 전 대통령은 불량품’이라고 비하하는가 하면, 노 전 대통령 지지자들에 대해서도 “노무현 씨에 대해 ‘찬양’하는 일부 기억상실증 환자들”이라고 표현했다. 노무현재단 이사장을 맡고 있는 정세균 전 국무총리는 통화에서 “노무현 정신을 부정하는 사람을 후보로 공천하는 것을 좌시할 수 없다는 입장을 민주당 지도부에 전달했다”고 했다. 이 대표는 이날 울산에서 양 후보의 막말 논란에 대한 입장을 묻자 “여러분, 반갑습니다”라고 말하며 답을 피했다.이 밖에 서울 은평을 경선에서 비명계 현역인 강병원 의원을 꺾고 승리한 친명계 김우영 후보도 과거 유튜브에서 강 의원을 겨냥해 “나이도 어린놈의 자식”이라고 지칭하는가 하면, 페이스북엔 강 의원 등 비명계 실명을 적고 영화 ‘서울의 봄’ 대사를 일부 인용해 “전차를 몰고 저 비겁자들의 대가리를 뽀개버리자”라고 썼다. 강 의원은 올해 1, 2월 두 차례에 걸쳐 당 공천관리위원회에 김 후보의 막말 및 증오 발언에 대한 조치를 요구했으나 사실상 묵살당한 사실이 뒤늦게 알려지면서 공관위가 알고도 묵인했다는 비판이 거세지고 있다.● 막말 논란 친윤 장예찬, 청년최고위원→공천국민의힘에서 ‘막말 논란’을 일으킨 인사들도 이미 과거부터 여러 차례 같은 지적을 받아왔다는 점에서 “당 지도부가 익히 알고도 강성 지지층 여론만 의식해 눈감아줬다”는 지적이 나온다.대구 중-남 공천이 취소된 도태우 후보는 극단적 발언을 이어온 대표적인 인물이다. 2019년 8월 태극기집회에서 문재인 당시 대통령을 향해 “문재인의 기이한 행동을 볼 때 죽으면 그만하는가 하는 상상을 해보게 된다”고 했고, 2019년 2월 유튜브에선 “(5·18에) 북한 개입 여부가 문제 된다는 것이 사실은 상식”이라고도 했다.장예찬 전 국민의힘 청년최고위원이 지난 1월 9일 오전 서울 여의도 국회 소통관에서 기자회견을 갖고 제22대 국회의원선거 출마선언을 하고 있다. 뉴스1막말 논란이 이어지는 장예찬 후보(부산 수영) 역시 당 지지층이 선호하는 강성 발언을 토대로 인지도를 높여왔다. 그는 지지층 내 인기를 통해 지난해 청년최고위원에 당선됐고 이번 경선에서 현역 전봉민 의원(초선)을 꺾고 공천장을 따냈다. 장 후보는 이날도 “남자들은 룸(룸살롱) 두 번 갈 거 한 번만 가면 몇 명을 후원할 수 있는 거냐. 여자들은 백(가방) 좀 작작 사시고”라는 등의 과거 막말이 드러나 부산시의회에서 기자회견을 열고 재차 사과했다. 당 공관위 관계자는 “장 후보의 문제성 발언은 이미 알려져 있던 것”이라며 “지역 내 장 후보 지지율이 워낙 높은 게 (공천 취소 등 조치 여부 결정에) 영향을 미치고 있다“고 했다.개혁신당도 막말 파문이 불거지자 충남 보령-서천의 이기원 후보에 대한 공천을 취소했다. 이 후보는 2017년 위안부 소녀상에 대해 “할머니가 강간당한 사실을 대자보로 붙여 놓는 꼴”이라고 발언했다.김지현 기자 jhk85@donga.com조권형 기자 buzz@donga.com"
"격전의 ‘한강-낙동강벨트’, 출구조사에서도 경합지 다수 [방송3사 출구조사]",2024/04/10 21:27,"이재명 더불어민주당 대표, 이해찬·김부겸 상임공동선거대책위원장 등 당 지도부가 10일 오후 서울 여의도 국회 의원회관에 마련된 제22대 국회의원선거(총선) 민주당 개표 상황실에서 방송사 출구조사 결과를 지켜보며 환호하고 있다. 2024.4.10/뉴스1제22대 국회의원선거 지상파 3사(KBS·MBC·SBS) 출구조사 발표 결과 서울 ‘한강벨트’ 11곳 중 6곳이 경합 지역으로 분류됐다. 부산·경남 ‘낙동강벨트’ 10곳에서는 4곳이 경합지로 조사됐다.여야 최대 접전지로 꼽히는 ‘한강벨트’ 중 경합 지역은 서울 동작갑, 동작을, 용산, 영등포을, 중성동을, 광진을이다.동작갑은 민주당 김병기 후보가 47.8%, 국민의힘 장진영 후보가 47.4% 얻을 것으로 예상됐다. 동작을은 민주당 류삼영 후보가 52.3%, 국민의힘 나경원 후보가 47.7%를 득표할 것으로 예측됐다.용산은 민주당 강태웅 후보가 50.3%, 국민의힘 권영세 후보가 49.3% 득표할 것으로 예측됐다.영등포을은 민주당 김민석 후보가 53.1%, 국민의힘 박용찬 후보가 46.1%를 얻을 것으로 예상됐다. 중성동을은 민주당 박성준 후보가 52.8%, 국민의힘 이혜훈 후보가 47.2%로 조사됐다. 광진을은 민주당 고민정 후보가 51.6%, 국민의힘 오신환 후보가 48.1%로 예측됐다.영등포갑, 마포갑, 마포을, 중성동갑, 광진갑 5곳은 민주당이 우세한 것으로 예측됐다.영등포갑은 민주당 채현일 후보가 57.6%, 국민의힘 김영주 후보가 39.7%로 조사됐다.마포갑은 민주당 이지은 후보가 52.9%, 국민의힘 조정훈 후보가 43.5% 얻을 것으로 예상됐다. 마포을은 민주당 정청래 후보가 50.6%, 국민의힘 함운경 후보가 41.6%로 조사됐다.중성동갑은 민주당 전현희 후보가 55.6%, 국민의힘 윤희숙 후보가 44.5% 득표할 것으로 예측됐다. 광진갑은 민주당 이정헌 후보가 54.1%, 국민의힘 김병민 후보가 45.9% 얻을 것으로 예상됐다.한동훈 국민의힘 총괄선대위원장이 10일 서울 여의도 국회도서관에 마련된 국회의원선거 개표상황실에서 방송사 출구조사 결과 발표를 보고 있다. (공동취재) 2024.4.10/뉴스1‘낙동강벨트’ 중 경합 지역은 부산 북을, 사하갑, 사상, 경남 양산을이다.부산 북을은 민주당 정명희 후보가 52.1%, 국민의힘 박성훈 후보가 47.9%로 조사됐다. 사하갑은 민주당 최인호 후보가 52.1%, 국민의힘 이성권 후보가 47.9%를 득표할 것으로 예측됐다. 사상은 국민의힘 김대식 후보가 50.3%, 민주당 배재정 후보가 49.7% 얻을 것으로 예상됐다. 경남 양산을은 민주당 김두관 후보가 50.6%, 국민의힘 김태호 후보가 49.4% 득표할 것으로 예상됐다.부산 강서, 사하을, 경남 양산갑 3곳은 국민의힘이, 부산 북갑, 경남 김해갑, 김해을 3곳은 민주당이 우세한 것으로 나타났다.부산 강서는 국민의힘 김도읍 후보가 53.5%, 민주당 변성완 후보가 46.5% 득표할 것으로 예측됐다. 사하을은 국민의힘 조경태 후보가 56.5%, 민주당 이재성 후보가 41.0%로 조사됐다. 경남 양산갑은 국민의힘 윤영석 후보가 55.1%, 민주당 이재영 후보가 43.7%로 조사됐다.부산 북갑은 민주당 전재수 후보가 54.2%, 국민의힘 서병수 후보가 44.7% 얻을 것으로 예상됐다. 경남 김해갑은 민주당 민홍철 후보가 54.5%, 국민의힘 박성호 후보가 45.5% 득표할 것으로 예측됐다. 김해을은 민주당 김정호 후보가 57.8%, 국민의힘 조해진 후보가 42.2% 얻을 것으로 예상됐다.이혜원 동아닷컴 기자 hyewon@donga.com"
"이재명 “국민의 선택, 겸허한 마음으로 마지막까지 지켜보겠다”",2024/04/10 20:15,"이재명 더불어민주당 대표, 이해찬·김부겸 상임공동선거대책위원장 등 당 지도부가 10일 오후 서울 여의도 국회 의원회관에 마련된 제22대 국회의원선거(총선) 민주당 개표 상황실에서 방송사 출구조사 결과를 지켜보며 환호하고 있다. 2024.4.10/뉴스1더불어민주당 이재명 대표는 10일 제22대 국회의원선거 지상파 3사(KBS·MBC·SBS) 출구조사 결과 민주당 압승이 예측되는 데 대해 “국민의 선택을 겸허한 마음으로 마지막까지 지켜보겠다”고 밝혔다.이 대표는 이날 국회 의원회관에 마련된 당 개표상황실에서 오후 6시 방송 3사 출구조사 결과가 나오자 “너무 고맙다”며 이같이 말했다.이 대표는 ‘민주당의 압승을 예상했는가’라는 기자들의 질문에 답하지 않은 채 자리를 떴다.지상파 3사 출구조사에 따르면 민주당은 비례 위성정당인 더불어민주연합의 비례의석을 포함해 178~197석을 얻을 것으로 예측됐다. 국민의힘은 비례 위성정당인 국민의미래의 비례의석을 포함해 85~105석을 얻을 것으로 전망됐다.이혜원 동아닷컴 기자 hyewon@donga.com"
